province,year_month,n_attacks,n_isis_attacks,n_isis_success,n_killed,n_wounded,n_casualties,n_attacks_with_casualties,n_suicide,n_not_suicide,n_success,n_failure,n_bombing,n_armed_assault,n_assassination,n_kidnapping,n_targ_civilian,n_targ_military,n_targ_police,n_targ_govt,n_targ_business,casualties_per_attack,killed_per_attack,n_strikes,strike_fatalities,n_turkish_strikes,province_id,time_index,log_strikes,log_turkish_strikes,log_strikes_lag1,log_strikes_lag2,log_strikes_lag3,log_strikes_lag4,log_strikes_lag5,log_strikes_lag6
Al Anbar,2016-01-01,40,22,15.0,496,207,570,33,17,23,25,15,36,2,0,0,9,18,2,0,1,17.272727272727273,15.030303030303031,62,238,0,0,0,4.143134726391533,0.0,,,,,,
Al Anbar,2016-02-01,91,43,27.0,485,125,477,82,30,61,34,57,81,2,0,2,10,31,6,0,2,5.817073170731708,5.914634146341464,98,221,0,0,1,4.59511985013459,0.0,4.143134726391533,,,,,
Al Anbar,2016-03-01,70,32,22.0,301,137,386,66,20,50,32,38,57,1,1,0,28,22,1,1,1,5.848484848484849,4.5606060606060606,99,260,0,0,2,4.605170185988092,0.0,4.59511985013459,4.143134726391533,,,,
Al Anbar,2016-04-01,56,25,17.0,200,199,377,47,15,41,29,27,48,0,0,6,14,15,0,1,2,8.02127659574468,4.25531914893617,117,537,0,0,3,4.770684624465665,0.0,4.605170185988092,4.59511985013459,4.143134726391533,,,
Al Anbar,2016-05-01,111,37,26.0,352,151,369,102,27,84,38,73,104,1,1,1,18,21,4,2,1,3.6176470588235294,3.450980392156863,166,228,0,0,4,5.117993812416755,0.0,4.770684624465665,4.605170185988092,4.59511985013459,4.143134726391533,,
Al Anbar,2016-06-01,90,34,23.0,550,795,1212,84,22,68,40,50,76,7,1,1,23,15,1,2,3,14.428571428571429,6.5476190476190474,124,361,0,0,5,4.8283137373023015,0.0,5.117993812416755,4.770684624465665,4.605170185988092,4.59511985013459,4.143134726391533,
Al Anbar,2016-07-01,74,6,3.0,51,63,114,74,2,72,13,61,69,0,3,0,47,1,3,0,0,1.5405405405405406,0.6891891891891891,109,241,0,0,6,4.700480365792417,0.0,4.8283137373023015,5.117993812416755,4.770684624465665,4.605170185988092,4.59511985013459,4.143134726391533
Al Anbar,2016-08-01,71,14,9.0,163,95,258,69,10,61,26,45,60,2,3,1,37,13,8,1,1,3.739130434782609,2.36231884057971,83,167,0,0,7,4.430816798843313,0.0,4.700480365792417,4.8283137373023015,5.117993812416755,4.770684624465665,4.605170185988092,4.59511985013459
Al Anbar,2016-09-01,24,13,9.0,88,57,145,20,1,23,17,7,17,1,0,1,11,1,5,0,0,7.25,4.4,92,170,0,0,8,4.532599493153256,0.0,4.430816798843313,4.700480365792417,4.8283137373023015,5.117993812416755,4.770684624465665,4.605170185988092
Al Anbar,2016-10-01,44,7,4.0,65,32,97,43,4,40,13,31,39,1,1,2,5,3,1,1,0,2.255813953488372,1.5116279069767442,44,45,0,0,9,3.8066624897703196,0.0,4.532599493153256,4.430816798843313,4.700480365792417,4.8283137373023015,5.117993812416755,4.770684624465665
Al Anbar,2016-11-01,34,19,18.0,110,93,161,29,5,29,29,5,29,0,0,3,5,3,6,5,3,5.551724137931035,3.793103448275862,51,10,0,0,10,3.9512437185814275,0.0,3.8066624897703196,4.532599493153256,4.430816798843313,4.700480365792417,4.8283137373023015,5.117993812416755
Al Anbar,2016-12-01,96,13,10.0,43,22,65,94,5,91,92,4,94,1,0,0,4,4,3,1,0,0.6914893617021277,0.4574468085106383,43,40,0,0,11,3.784189633918261,0.0,3.9512437185814275,3.8066624897703196,4.532599493153256,4.430816798843313,4.700480365792417,4.8283137373023015
Al Anbar,2017-01-01,25,20,13.0,74,42,116,25,10,15,17,8,18,0,1,2,5,11,5,1,1,4.64,2.96,5,43,0,0,12,1.791759469228055,0.0,3.784189633918261,3.9512437185814275,3.8066624897703196,4.532599493153256,4.430816798843313,4.700480365792417
Al Anbar,2017-02-01,52,15,12.0,80,57,137,50,5,47,24,28,46,2,0,2,14,8,2,3,1,2.74,1.6,6,16,0,0,13,1.9459101490553132,0.0,1.791759469228055,3.784189633918261,3.9512437185814275,3.8066624897703196,4.532599493153256,4.430816798843313
Al Anbar,2017-03-01,26,12,8.0,48,55,103,25,2,24,21,5,21,1,1,0,9,7,2,1,5,4.12,1.92,5,34,0,0,14,1.791759469228055,0.0,1.9459101490553132,1.791759469228055,3.784189633918261,3.9512437185814275,3.8066624897703196,4.532599493153256
Al Anbar,2017-04-01,25,12,11.0,75,58,133,24,3,22,18,7,17,2,0,3,5,10,4,0,0,5.541666666666667,3.125,11,116,0,0,15,2.4849066497880004,0.0,1.791759469228055,1.9459101490553132,1.791759469228055,3.784189633918261,3.9512437185814275,3.8066624897703196
Al Anbar,2017-05-01,39,25,16.0,70,101,171,37,7,32,23,16,29,2,1,1,12,12,5,1,0,4.621621621621622,1.8918918918918919,12,132,0,0,16,2.5649493574615367,0.0,2.4849066497880004,1.791759469228055,1.9459101490553132,1.791759469228055,3.784189633918261,3.9512437185814275
Al Anbar,2017-06-01,36,18,15.0,54,99,148,34,6,30,25,11,33,0,0,0,8,7,4,0,3,4.352941176470588,1.588235294117647,15,21,0,0,17,2.772588722239781,0.0,2.5649493574615367,2.4849066497880004,1.791759469228055,1.9459101490553132,1.791759469228055,3.784189633918261
Al Anbar,2017-07-01,36,17,10.0,108,48,153,33,10,26,19,17,32,0,0,0,5,8,3,2,2,4.636363636363637,3.272727272727273,33,35,0,0,18,3.5263605246161616,0.0,2.772588722239781,2.5649493574615367,2.4849066497880004,1.791759469228055,1.9459101490553132,1.791759469228055
Al Anbar,2017-08-01,30,15,14.0,74,143,217,29,4,26,23,7,27,0,0,2,10,6,3,0,5,7.482758620689655,2.5517241379310347,44,19,0,0,19,3.8066624897703196,0.0,3.5263605246161616,2.772588722239781,2.5649493574615367,2.4849066497880004,1.791759469228055,1.9459101490553132
Al Anbar,2017-09-01,35,16,14.0,110,55,160,30,6,29,26,9,24,1,0,4,18,9,1,0,1,5.333333333333333,3.6666666666666665,49,26,0,0,20,3.912023005428146,0.0,3.8066624897703196,3.5263605246161616,2.772588722239781,2.5649493574615367,2.4849066497880004,1.791759469228055
Al Anbar,2017-10-01,28,18,9.0,65,44,107,26,14,14,17,11,24,2,0,2,6,7,0,0,4,4.115384615384615,2.5,55,55,0,0,21,4.02535169073515,0.0,3.912023005428146,3.8066624897703196,3.5263605246161616,2.772588722239781,2.5649493574615367,2.4849066497880004
Al Anbar,2017-11-01,34,10,4.0,24,52,76,34,2,32,21,13,32,0,0,0,8,5,0,2,6,2.235294117647059,0.7058823529411765,26,72,0,0,22,3.295836866004329,0.0,4.02535169073515,3.912023005428146,3.8066624897703196,3.5263605246161616,2.772588722239781,2.5649493574615367
Al Anbar,2017-12-01,18,3,3.0,35,31,64,17,0,18,15,3,16,1,0,0,7,3,1,0,4,3.764705882352941,2.0588235294117645,9,8,0,0,23,2.302585092994046,0.0,3.295836866004329,4.02535169073515,3.912023005428146,3.8066624897703196,3.5263605246161616,2.772588722239781
Al Anbar,2018-01-01,17,5,5.0,9,42,51,17,0,17,14,3,14,0,3,0,8,1,4,1,1,3.0,0.5294117647058824,3,0,0,0,24,1.3862943611198906,0.0,2.302585092994046,3.295836866004329,4.02535169073515,3.912023005428146,3.8066624897703196,3.5263605246161616
Al Anbar,2018-02-01,14,11,8.0,8,34,42,14,1,13,11,3,8,1,1,0,4,5,3,1,1,3.0,0.5714285714285714,3,21,0,0,25,1.3862943611198906,0.0,1.3862943611198906,2.302585092994046,3.295836866004329,4.02535169073515,3.912023005428146,3.8066624897703196
Al Anbar,2018-03-01,24,14,12.0,20,37,57,24,1,23,21,3,18,4,0,1,7,7,6,0,2,2.375,0.8333333333333334,3,0,0,0,26,1.3862943611198906,0.0,1.3862943611198906,1.3862943611198906,2.302585092994046,3.295836866004329,4.02535169073515,3.912023005428146
Al Anbar,2018-04-01,16,5,5.0,18,50,68,16,4,12,10,6,16,0,0,0,5,2,1,1,0,4.25,1.125,5,0,0,0,27,1.791759469228055,0.0,1.3862943611198906,1.3862943611198906,1.3862943611198906,2.302585092994046,3.295836866004329,4.02535169073515
Al Anbar,2018-05-01,17,6,6.0,2,22,21,16,0,17,9,8,16,0,0,0,5,1,3,0,0,1.3125,0.125,4,0,0,0,28,1.6094379124341003,0.0,1.791759469228055,1.3862943611198906,1.3862943611198906,1.3862943611198906,2.302585092994046,3.295836866004329
Al Anbar,2018-06-01,8,5,2.0,4,3,7,8,2,6,3,5,7,0,0,1,2,1,0,0,0,0.875,0.5,1,0,0,0,29,0.6931471805599453,0.0,1.6094379124341003,1.791759469228055,1.3862943611198906,1.3862943611198906,1.3862943611198906,2.302585092994046
Al Anbar,2018-07-01,10,6,6.0,13,22,35,10,0,10,9,1,8,1,0,0,4,5,0,0,0,3.5,1.3,1,0,0,0,30,0.6931471805599453,0.0,0.6931471805599453,1.6094379124341003,1.791759469228055,1.3862943611198906,1.3862943611198906,1.3862943611198906
Al Anbar,2018-08-01,11,8,6.0,20,30,50,11,1,10,8,3,8,1,2,0,3,4,1,1,0,4.545454545454546,1.8181818181818181,2,0,0,0,31,1.0986122886681098,0.0,0.6931471805599453,0.6931471805599453,1.6094379124341003,1.791759469228055,1.3862943611198906,1.3862943611198906
Al Anbar,2018-09-01,10,8,8.0,7,21,28,10,1,9,10,0,8,2,0,0,5,3,0,0,0,2.8,0.7,2,0,0,0,32,1.0986122886681098,0.0,1.0986122886681098,0.6931471805599453,0.6931471805599453,1.6094379124341003,1.791759469228055,1.3862943611198906
Al Anbar,2018-10-01,17,11,9.0,27,17,43,16,2,15,12,5,8,3,1,1,6,4,3,1,1,2.6875,1.6875,1,0,0,0,33,0.6931471805599453,0.0,1.0986122886681098,1.0986122886681098,0.6931471805599453,0.6931471805599453,1.6094379124341003,1.791759469228055
Al Anbar,2018-11-01,5,2,1.0,9,5,14,5,0,5,3,2,4,0,1,0,1,2,0,0,0,2.8,1.8,0,0,0,0,34,0.0,0.0,0.6931471805599453,1.0986122886681098,1.0986122886681098,0.6931471805599453,0.6931471805599453,1.6094379124341003
Al Anbar,2018-12-01,2,1,1.0,1,2,3,2,1,1,1,1,2,0,0,0,1,0,1,0,0,1.5,0.5,1,0,0,0,35,0.6931471805599453,0.0,0.0,0.6931471805599453,1.0986122886681098,1.0986122886681098,0.6931471805599453,0.6931471805599453
Al Anbar,2019-01-01,6,3,3.0,7,29,36,6,0,6,6,0,3,0,2,1,4,0,0,2,0,6.0,1.1666666666666667,0,0,0,0,36,0.0,0.0,0.6931471805599453,0.0,0.6931471805599453,1.0986122886681098,1.0986122886681098,0.6931471805599453
Al Anbar,2019-02-01,17,15,14.0,26,14,32,15,0,17,14,3,10,2,0,4,8,3,3,0,1,2.1333333333333333,1.7333333333333334,0,0,0,0,37,0.0,0.0,0.0,0.6931471805599453,0.0,0.6931471805599453,1.0986122886681098,1.0986122886681098
Al Anbar,2019-03-01,1,1,1.0,1,1,2,1,0,1,1,0,0,1,0,0,1,0,0,0,0,2.0,1.0,0,0,0,0,38,0.0,0.0,0.0,0.0,0.6931471805599453,0.0,0.6931471805599453,1.0986122886681098
Al Anbar,2019-04-01,10,7,7.0,6,24,30,10,0,10,10,0,7,1,0,1,4,3,1,0,0,3.0,0.6,0,0,0,0,39,0.0,0.0,0.0,0.0,0.0,0.6931471805599453,0.0,0.6931471805599453
Al Anbar,2019-05-01,4,4,4.0,5,6,11,4,0,4,4,0,3,0,0,0,0,2,1,0,1,2.75,1.25,0,0,0,0,40,0.0,0.0,0.0,0.0,0.0,0.0,0.6931471805599453,0.0
Al Anbar,2019-06-01,8,6,4.0,13,4,17,8,2,6,4,4,4,1,0,0,3,3,1,0,1,2.125,1.625,5,17,0,0,41,1.791759469228055,0.0,0.0,0.0,0.0,0.0,0.0,0.6931471805599453
Al Anbar,2019-07-01,3,1,1.0,7,11,18,3,1,2,2,1,1,2,0,0,0,1,1,0,0,6.0,2.3333333333333335,2,0,0,0,42,1.0986122886681098,0.0,1.791759469228055,0.0,0.0,0.0,0.0,0.0
Al Anbar,2019-08-01,6,3,2.0,9,14,23,4,0,6,4,2,3,1,0,0,2,3,1,0,0,5.75,2.25,2,0,0,0,43,1.0986122886681098,0.0,1.0986122886681098,1.791759469228055,0.0,0.0,0.0,0.0
Al Anbar,2019-09-01,1,1,1.0,4,0,4,1,0,1,1,0,0,1,0,0,0,1,0,0,0,4.0,4.0,0,0,0,0,44,0.0,0.0,1.0986122886681098,1.0986122886681098,1.791759469228055,0.0,0.0,0.0
Al Anbar,2019-10-01,1,1,1.0,3,0,3,1,0,1,1,0,1,0,0,0,0,1,0,0,0,3.0,3.0,0,0,0,0,45,0.0,0.0,0.0,1.0986122886681098,1.0986122886681098,1.791759469228055,0.0,0.0
Al Anbar,2019-11-01,0,0,,0,0,0,0,0,0,0,0,0,0,0,0,0,0,0,0,0,,,0,0,0,0,46,0.0,0.0,0.0,0.0,1.0986122886681098,1.0986122886681098,1.791759469228055,0.0
Al Anbar,2019-12-01,4,2,2.0,8,1,9,4,0,4,4,0,3,0,0,0,0,3,0,0,0,2.25,2.0,0,0,0,0,47,0.0,0.0,0.0,0.0,0.0,1.0986122886681098,1.0986122886681098,1.791759469228055
Al Anbar,2020-01-01,2,2,2.0,2,9,11,2,0,2,2,0,1,0,0,0,0,1,1,0,0,5.5,1.0,0,0,0,0,48,0.0,0.0,0.0,0.0,0.0,0.0,1.0986122886681098,1.0986122886681098
Al Anbar,2020-02-01,4,1,1.0,6,7,13,4,0,4,4,0,3,1,0,0,0,4,0,0,0,3.25,1.5,0,0,0,0,49,0.0,0.0,0.0,0.0,0.0,0.0,0.0,1.0986122886681098
Al Anbar,2020-03-01,3,0,0.0,2,5,7,3,0,3,1,2,2,0,1,0,0,2,0,0,1,2.3333333333333335,0.6666666666666666,0,0,0,0,50,0.0,0.0,0.0,0.0,0.0,0.0,0.0,0.0
Al Anbar,2020-04-01,5,3,3.0,8,5,13,5,0,5,4,1,1,1,2,0,0,2,1,1,1,2.6,1.6,0,0,0,0,51,0.0,0.0,0.0,0.0,0.0,0.0,0.0,0.0
Al Anbar,2020-05-01,4,4,3.0,7,5,12,4,2,2,3,1,2,0,0,0,0,2,1,0,0,3.0,1.75,0,0,0,0,52,0.0,0.0,0.0,0.0,0.0,0.0,0.0,0.0
Al Anbar,2020-06-01,1,0,0.0,0,2,2,1,0,1,1,0,1,0,0,0,0,1,0,0,0,2.0,0.0,0,0,0,0,53,0.0,0.0,0.0,0.0,0.0,0.0,0.0,0.0
Al Anbar,2020-07-01,5,2,2.0,4,12,16,5,0,5,5,0,3,2,0,0,0,4,1,0,0,3.2,0.8,0,0,0,0,54,0.0,0.0,0.0,0.0,0.0,0.0,0.0,0.0
Al Anbar,2020-08-01,2,2,2.0,2,5,7,2,0,2,2,0,0,1,0,0,0,1,1,0,0,3.5,1.0,0,0,0,0,55,0.0,0.0,0.0,0.0,0.0,0.0,0.0,0.0
Al Anbar,2020-09-01,4,2,2.0,2,6,8,4,0,4,4,0,3,0,0,0,0,3,1,0,0,2.0,0.5,0,0,0,0,56,0.0,0.0,0.0,0.0,0.0,0.0,0.0,0.0
Al Anbar,2020-10-01,4,1,1.0,1,2,3,4,0,4,3,1,2,0,1,1,0,0,1,1,0,0.75,0.25,1,3,0,0,57,0.6931471805599453,0.0,0.0,0.0,0.0,0.0,0.0,0.0
Al Anbar,2020-11-01,6,6,6.0,6,11,14,4,0,6,6,0,0,3,0,2,1,2,3,0,0,3.5,1.5,0,0,0,0,58,0.0,0.0,0.6931471805599453,0.0,0.0,0.0,0.0,0.0
Al Anbar,2020-12-01,10,10,10.0,4,4,8,9,0,10,10,0,8,1,0,0,0,1,0,0,0,0.8888888888888888,0.4444444444444444,0,0,0,0,59,0.0,0.0,0.0,0.6931471805599453,0.0,0.0,0.0,0.0
Al Qadisiyah,2016-01-01,0,0,,0,0,0,0,0,0,0,0,0,0,0,0,0,0,0,0,0,,,0,0,0,1,0,0.0,0.0,,,,,,
Al Qadisiyah,2016-02-01,0,0,,0,0,0,0,0,0,0,0,0,0,0,0,0,0,0,0,0,,,0,0,0,1,1,0.0,0.0,0.0,,,,,
Al Qadisiyah,2016-03-01,0,0,,0,0,0,0,0,0,0,0,0,0,0,0,0,0,0,0,0,,,1,10,0,1,2,0.6931471805599453,0.0,0.0,0.0,,,,
Al Qadisiyah,2016-04-01,0,0,,0,0,0,0,0,0,0,0,0,0,0,0,0,0,0,0,0,,,0,0,0,1,3,0.0,0.0,0.6931471805599453,0.0,0.0,,,
Al Qadisiyah,2016-05-01,0,0,,0,0,0,0,0,0,0,0,0,0,0,0,0,0,0,0,0,,,0,0,0,1,4,0.0,0.0,0.0,0.6931471805599453,0.0,0.0,,
Al Qadisiyah,2016-06-01,0,0,,0,0,0,0,0,0,0,0,0,0,0,0,0,0,0,0,0,,,0,0,0,1,5,0.0,0.0,0.0,0.0,0.6931471805599453,0.0,0.0,
Al Qadisiyah,2016-07-01,0,0,,0,0,0,0,0,0,0,0,0,0,0,0,0,0,0,0,0,,,0,0,0,1,6,0.0,0.0,0.0,0.0,0.0,0.6931471805599453,0.0,0.0
Al Qadisiyah,2016-08-01,0,0,,0,0,0,0,0,0,0,0,0,0,0,0,0,0,0,0,0,,,0,0,0,1,7,0.0,0.0,0.0,0.0,0.0,0.0,0.6931471805599453,0.0
Al Qadisiyah,2016-09-01,0,0,,0,0,0,0,0,0,0,0,0,0,0,0,0,0,0,0,0,,,0,0,0,1,8,0.0,0.0,0.0,0.0,0.0,0.0,0.0,0.6931471805599453
Al Qadisiyah,2016-10-01,0,0,,0,0,0,0,0,0,0,0,0,0,0,0,0,0,0,0,0,,,0,0,0,1,9,0.0,0.0,0.0,0.0,0.0,0.0,0.0,0.0
Al Qadisiyah,2016-11-01,0,0,,0,0,0,0,0,0,0,0,0,0,0,0,0,0,0,0,0,,,0,0,0,1,10,0.0,0.0,0.0,0.0,0.0,0.0,0.0,0.0
Al Qadisiyah,2016-12-01,0,0,,0,0,0,0,0,0,0,0,0,0,0,0,0,0,0,0,0,,,0,0,0,1,11,0.0,0.0,0.0,0.0,0.0,0.0,0.0,0.0
Al Qadisiyah,2017-01-01,2,1,1.0,9,15,24,2,1,1,1,1,1,0,1,0,0,0,2,0,0,12.0,4.5,0,0,0,1,12,0.0,0.0,0.0,0.0,0.0,0.0,0.0,0.0
Al Qadisiyah,2017-02-01,0,0,,0,0,0,0,0,0,0,0,0,0,0,0,0,0,0,0,0,,,0,0,0,1,13,0.0,0.0,0.0,0.0,0.0,0.0,0.0,0.0
Al Qadisiyah,2017-03-01,0,0,,0,0,0,0,0,0,0,0,0,0,0,0,0,0,0,0,0,,,0,0,0,1,14,0.0,0.0,0.0,0.0,0.0,0.0,0.0,0.0
Al Qadisiyah,2017-04-01,1,0,0.0,0,0,0,1,0,1,1,0,1,0,0,0,1,0,0,0,0,0.0,0.0,0,0,0,1,15,0.0,0.0,0.0,0.0,0.0,0.0,0.0,0.0
Al Qadisiyah,2017-05-01,0,0,,0,0,0,0,0,0,0,0,0,0,0,0,0,0,0,0,0,,,0,0,0,1,16,0.0,0.0,0.0,0.0,0.0,0.0,0.0,0.0
Al Qadisiyah,2017-06-01,0,0,,0,0,0,0,0,0,0,0,0,0,0,0,0,0,0,0,0,,,0,0,0,1,17,0.0,0.0,0.0,0.0,0.0,0.0,0.0,0.0
Al Qadisiyah,2017-07-01,0,0,,0,0,0,0,0,0,0,0,0,0,0,0,0,0,0,0,0,,,0,0,0,1,18,0.0,0.0,0.0,0.0,0.0,0.0,0.0,0.0
Al Qadisiyah,2017-08-01,0,0,,0,0,0,0,0,0,0,0,0,0,0,0,0,0,0,0,0,,,0,0,0,1,19,0.0,0.0,0.0,0.0,0.0,0.0,0.0,0.0
Al Qadisiyah,2017-09-01,0,0,,0,0,0,0,0,0,0,0,0,0,0,0,0,0,0,0,0,,,0,0,0,1,20,0.0,0.0,0.0,0.0,0.0,0.0,0.0,0.0
Al Qadisiyah,2017-10-01,0,0,,0,0,0,0,0,0,0,0,0,0,0,0,0,0,0,0,0,,,0,0,0,1,21,0.0,0.0,0.0,0.0,0.0,0.0,0.0,0.0
Al Qadisiyah,2017-11-01,0,0,,0,0,0,0,0,0,0,0,0,0,0,0,0,0,0,0,0,,,0,0,0,1,22,0.0,0.0,0.0,0.0,0.0,0.0,0.0,0.0
Al Qadisiyah,2017-12-01,0,0,,0,0,0,0,0,0,0,0,0,0,0,0,0,0,0,0,0,,,0,0,0,1,23,0.0,0.0,0.0,0.0,0.0,0.0,0.0,0.0
Al Qadisiyah,2018-01-01,0,0,,0,0,0,0,0,0,0,0,0,0,0,0,0,0,0,0,0,,,0,0,0,1,24,0.0,0.0,0.0,0.0,0.0,0.0,0.0,0.0
Al Qadisiyah,2018-02-01,0,0,,0,0,0,0,0,0,0,0,0,0,0,0,0,0,0,0,0,,,0,0,0,1,25,0.0,0.0,0.0,0.0,0.0,0.0,0.0,0.0
Al Qadisiyah,2018-03-01,0,0,,0,0,0,0,0,0,0,0,0,0,0,0,0,0,0,0,0,,,0,0,0,1,26,0.0,0.0,0.0,0.0,0.0,0.0,0.0,0.0
Al Qadisiyah,2018-04-01,0,0,,0,0,0,0,0,0,0,0,0,0,0,0,0,0,0,0,0,,,0,0,0,1,27,0.0,0.0,0.0,0.0,0.0,0.0,0.0,0.0
Al Qadisiyah,2018-05-01,0,0,,0,0,0,0,0,0,0,0,0,0,0,0,0,0,0,0,0,,,0,0,0,1,28,0.0,0.0,0.0,0.0,0.0,0.0,0.0,0.0
Al Qadisiyah,2018-06-01,0,0,,0,0,0,0,0,0,0,0,0,0,0,0,0,0,0,0,0,,,0,0,0,1,29,0.0,0.0,0.0,0.0,0.0,0.0,0.0,0.0
Al Qadisiyah,2018-07-01,1,0,0.0,0,0,0,1,0,1,0,1,0,1,0,0,0,0,0,1,0,0.0,0.0,0,0,0,1,30,0.0,0.0,0.0,0.0,0.0,0.0,0.0,0.0
Al Qadisiyah,2018-08-01,0,0,,0,0,0,0,0,0,0,0,0,0,0,0,0,0,0,0,0,,,0,0,0,1,31,0.0,0.0,0.0,0.0,0.0,0.0,0.0,0.0
Al Qadisiyah,2018-09-01,0,0,,0,0,0,0,0,0,0,0,0,0,0,0,0,0,0,0,0,,,0,0,0,1,32,0.0,0.0,0.0,0.0,0.0,0.0,0.0,0.0
Al Qadisiyah,2018-10-01,0,0,,0,0,0,0,0,0,0,0,0,0,0,0,0,0,0,0,0,,,0,0,0,1,33,0.0,0.0,0.0,0.0,0.0,0.0,0.0,0.0
Al Qadisiyah,2018-11-01,0,0,,0,0,0,0,0,0,0,0,0,0,0,0,0,0,0,0,0,,,0,0,0,1,34,0.0,0.0,0.0,0.0,0.0,0.0,0.0,0.0
Al Qadisiyah,2018-12-01,1,0,0.0,0,1,1,1,0,1,1,0,1,0,0,0,0,0,1,0,0,1.0,0.0,0,0,0,1,35,0.0,0.0,0.0,0.0,0.0,0.0,0.0,0.0
Al Qadisiyah,2019-01-01,1,1,1.0,2,1,3,1,0,1,1,0,0,0,0,0,0,0,1,0,0,3.0,2.0,0,0,0,1,36,0.0,0.0,0.0,0.0,0.0,0.0,0.0,0.0
Al Qadisiyah,2019-02-01,0,0,,0,0,0,0,0,0,0,0,0,0,0,0,0,0,0,0,0,,,0,0,0,1,37,0.0,0.0,0.0,0.0,0.0,0.0,0.0,0.0
Al Qadisiyah,2019-03-01,0,0,,0,0,0,0,0,0,0,0,0,0,0,0,0,0,0,0,0,,,0,0,0,1,38,0.0,0.0,0.0,0.0,0.0,0.0,0.0,0.0
Al Qadisiyah,2019-04-01,0,0,,0,0,0,0,0,0,0,0,0,0,0,0,0,0,0,0,0,,,0,0,0,1,39,0.0,0.0,0.0,0.0,0.0,0.0,0.0,0.0
Al Qadisiyah,2019-05-01,0,0,,0,0,0,0,0,0,0,0,0,0,0,0,0,0,0,0,0,,,0,0,0,1,40,0.0,0.0,0.0,0.0,0.0,0.0,0.0,0.0
Al Qadisiyah,2019-06-01,0,0,,0,0,0,0,0,0,0,0,0,0,0,0,0,0,0,0,0,,,0,0,0,1,41,0.0,0.0,0.0,0.0,0.0,0.0,0.0,0.0
Al Qadisiyah,2019-07-01,0,0,,0,0,0,0,0,0,0,0,0,0,0,0,0,0,0,0,0,,,0,0,0,1,42,0.0,0.0,0.0,0.0,0.0,0.0,0.0,0.0
Al Qadisiyah,2019-08-01,0,0,,0,0,0,0,0,0,0,0,0,0,0,0,0,0,0,0,0,,,0,0,0,1,43,0.0,0.0,0.0,0.0,0.0,0.0,0.0,0.0
Al Qadisiyah,2019-09-01,0,0,,0,0,0,0,0,0,0,0,0,0,0,0,0,0,0,0,0,,,0,0,0,1,44,0.0,0.0,0.0,0.0,0.0,0.0,0.0,0.0
Al Qadisiyah,2019-10-01,0,0,,0,0,0,0,0,0,0,0,0,0,0,0,0,0,0,0,0,,,0,0,0,1,45,0.0,0.0,0.0,0.0,0.0,0.0,0.0,0.0
Al Qadisiyah,2019-11-01,1,0,0.0,0,0,0,1,0,1,1,0,0,0,0,1,0,0,0,0,0,0.0,0.0,0,0,0,1,46,0.0,0.0,0.0,0.0,0.0,0.0,0.0,0.0
Al Qadisiyah,2019-12-01,1,0,0.0,1,1,2,1,0,1,1,0,1,0,0,0,1,0,0,0,0,2.0,1.0,0,0,0,1,47,0.0,0.0,0.0,0.0,0.0,0.0,0.0,0.0
Al Qadisiyah,2020-01-01,0,0,,0,0,0,0,0,0,0,0,0,0,0,0,0,0,0,0,0,,,0,0,0,1,48,0.0,0.0,0.0,0.0,0.0,0.0,0.0,0.0
Al Qadisiyah,2020-02-01,1,0,0.0,1,0,1,1,0,1,1,0,0,1,0,0,1,0,0,0,0,1.0,1.0,0,0,0,1,49,0.0,0.0,0.0,0.0,0.0,0.0,0.0,0.0
Al Qadisiyah,2020-03-01,0,0,,0,0,0,0,0,0,0,0,0,0,0,0,0,0,0,0,0,,,0,0,0,1,50,0.0,0.0,0.0,0.0,0.0,0.0,0.0,0.0
Al Qadisiyah,2020-04-01,1,0,0.0,0,0,0,1,0,1,1,0,1,0,0,0,0,0,0,1,0,0.0,0.0,0,0,0,1,51,0.0,0.0,0.0,0.0,0.0,0.0,0.0,0.0
Al Qadisiyah,2020-05-01,0,0,,0,0,0,0,0,0,0,0,0,0,0,0,0,0,0,0,0,,,0,0,0,1,52,0.0,0.0,0.0,0.0,0.0,0.0,0.0,0.0
Al Qadisiyah,2020-06-01,1,0,0.0,0,3,3,1,0,1,1,0,1,0,0,0,1,0,0,0,0,3.0,0.0,0,0,0,1,53,0.0,0.0,0.0,0.0,0.0,0.0,0.0,0.0
Al Qadisiyah,2020-07-01,1,0,0.0,0,0,0,1,0,1,1,0,0,0,0,0,0,1,0,0,0,0.0,0.0,0,0,0,1,54,0.0,0.0,0.0,0.0,0.0,0.0,0.0,0.0
Al Qadisiyah,2020-08-01,1,0,0.0,0,0,0,1,0,1,1,0,1,0,0,0,0,1,0,0,0,0.0,0.0,0,0,0,1,55,0.0,0.0,0.0,0.0,0.0,0.0,0.0,0.0
Al Qadisiyah,2020-09-01,2,0,0.0,1,2,3,2,0,2,2,0,2,0,0,0,0,2,0,0,0,1.5,0.5,0,0,0,1,56,0.0,0.0,0.0,0.0,0.0,0.0,0.0,0.0
Al Qadisiyah,2020-10-01,0,0,,0,0,0,0,0,0,0,0,0,0,0,0,0,0,0,0,0,,,0,0,0,1,57,0.0,0.0,0.0,0.0,0.0,0.0,0.0,0.0
Al Qadisiyah,2020-11-01,2,0,0.0,0,0,0,2,0,2,2,0,1,1,0,0,2,0,0,0,0,0.0,0.0,0,0,0,1,58,0.0,0.0,0.0,0.0,0.0,0.0,0.0,0.0
Al Qadisiyah,2020-12-01,4,0,0.0,1,2,3,3,0,4,4,0,3,0,1,0,0,3,0,0,0,1.0,0.3333333333333333,0,0,0,1,59,0.0,0.0,0.0,0.0,0.0,0.0,0.0,0.0
Arbil,2016-01-01,1,1,1.0,20,12,32,1,0,1,1,0,1,0,0,0,0,1,0,0,0,32.0,20.0,2,43,3,2,0,1.0986122886681098,1.3862943611198906,,,,,,
Arbil,2016-02-01,3,3,1.0,7,10,17,3,1,2,1,2,3,0,0,0,0,2,0,0,0,5.666666666666667,2.3333333333333335,4,24,10,2,1,1.6094379124341003,2.3978952727983707,1.0986122886681098,,,,,
Arbil,2016-03-01,6,5,3.0,20,32,52,6,3,3,3,3,6,0,0,0,0,4,1,0,0,8.666666666666666,3.3333333333333335,6,22,9,2,2,1.9459101490553132,2.302585092994046,1.6094379124341003,1.0986122886681098,,,,
Arbil,2016-04-01,5,5,2.0,106,0,15,3,3,2,2,3,4,0,0,0,2,1,0,0,0,5.0,35.333333333333336,7,74,14,2,3,2.0794415416798357,2.70805020110221,1.9459101490553132,1.6094379124341003,1.0986122886681098,,,
Arbil,2016-05-01,3,3,0.0,66,2,68,3,3,0,0,3,3,0,0,0,0,3,0,0,0,22.666666666666668,22.0,6,30,17,2,4,1.9459101490553132,2.8903717578961645,2.0794415416798357,1.9459101490553132,1.6094379124341003,1.0986122886681098,,
Arbil,2016-06-01,5,5,2.0,48,5,53,5,0,5,2,3,1,0,0,0,4,0,0,0,0,10.6,9.6,1,1,19,2,5,0.6931471805599453,2.995732273553991,1.9459101490553132,2.0794415416798357,1.9459101490553132,1.6094379124341003,1.0986122886681098,
Arbil,2016-07-01,0,0,,0,0,0,0,0,0,0,0,0,0,0,0,0,0,0,0,0,,,0,0,2,2,6,0.0,1.0986122886681098,0.6931471805599453,1.9459101490553132,2.0794415416798357,1.9459101490553132,1.6094379124341003,1.0986122886681098
Arbil,2016-08-01,3,2,1.0,18,1,6,2,1,2,2,1,1,1,0,0,2,0,0,1,0,3.0,9.0,1,12,0,2,7,0.6931471805599453,0.0,0.0,0.6931471805599453,1.9459101490553132,2.0794415416798357,1.9459101490553132,1.6094379124341003
Arbil,2016-09-01,0,0,,0,0,0,0,0,0,0,0,0,0,0,0,0,0,0,0,0,,,1,0,5,2,8,0.6931471805599453,1.791759469228055,0.6931471805599453,0.0,0.6931471805599453,1.9459101490553132,2.0794415416798357,1.9459101490553132
Arbil,2016-10-01,1,1,0.0,0,0,0,1,0,1,0,1,0,1,0,0,1,0,0,0,0,0.0,0.0,0,0,5,2,9,0.0,1.791759469228055,0.6931471805599453,0.6931471805599453,0.0,0.6931471805599453,1.9459101490553132,2.0794415416798357
Arbil,2016-11-01,1,0,0.0,1,0,1,1,0,1,1,0,0,0,1,0,0,0,0,0,0,1.0,1.0,0,0,6,2,10,0.0,1.9459101490553132,0.0,0.6931471805599453,0.6931471805599453,0.0,0.6931471805599453,1.9459101490553132
Arbil,2016-12-01,2,0,0.0,7,3,10,2,0,2,2,0,2,0,0,0,0,0,0,0,0,5.0,3.5,0,0,0,2,11,0.0,0.0,0.0,0.0,0.6931471805599453,0.6931471805599453,0.0,0.6931471805599453
Arbil,2017-01-01,1,0,0.0,1,0,1,1,0,1,1,0,0,1,0,0,0,0,0,0,0,1.0,1.0,0,0,3,2,12,0.0,1.3862943611198906,0.0,0.0,0.0,0.6931471805599453,0.6931471805599453,0.0
Arbil,2017-02-01,0,0,,0,0,0,0,0,0,0,0,0,0,0,0,0,0,0,0,0,,,0,0,5,2,13,0.0,1.791759469228055,0.0,0.0,0.0,0.0,0.6931471805599453,0.6931471805599453
Arbil,2017-03-01,0,0,,0,0,0,0,0,0,0,0,0,0,0,0,0,0,0,0,0,,,0,0,4,2,14,0.0,1.6094379124341003,0.0,0.0,0.0,0.0,0.0,0.6931471805599453
Arbil,2017-04-01,0,0,,0,0,0,0,0,0,0,0,0,0,0,0,0,0,0,0,0,,,0,0,2,2,15,0.0,1.0986122886681098,0.0,0.0,0.0,0.0,0.0,0.0
Arbil,2017-05-01,0,0,,0,0,0,0,0,0,0,0,0,0,0,0,0,0,0,0,0,,,0,0,4,2,16,0.0,1.6094379124341003,0.0,0.0,0.0,0.0,0.0,0.0
Arbil,2017-06-01,1,0,0.0,2,1,3,1,0,1,1,0,1,0,0,0,1,0,0,0,0,3.0,2.0,0,0,5,2,17,0.0,1.791759469228055,0.0,0.0,0.0,0.0,0.0,0.0
Arbil,2017-07-01,0,0,,0,0,0,0,0,0,0,0,0,0,0,0,0,0,0,0,0,,,0,0,3,2,18,0.0,1.3862943611198906,0.0,0.0,0.0,0.0,0.0,0.0
Arbil,2017-08-01,0,0,,0,0,0,0,0,0,0,0,0,0,0,0,0,0,0,0,0,,,0,0,4,2,19,0.0,1.6094379124341003,0.0,0.0,0.0,0.0,0.0,0.0
Arbil,2017-09-01,1,1,1.0,3,0,3,1,1,0,1,0,1,0,0,0,0,1,0,0,0,3.0,3.0,0,0,6,2,20,0.0,1.9459101490553132,0.0,0.0,0.0,0.0,0.0,0.0
Arbil,2017-10-01,1,0,0.0,2,3,5,1,0,1,1,0,1,0,0,0,0,1,0,0,0,5.0,2.0,0,0,4,2,21,0.0,1.6094379124341003,0.0,0.0,0.0,0.0,0.0,0.0
Arbil,2017-11-01,0,0,,0,0,0,0,0,0,0,0,0,0,0,0,0,0,0,0,0,,,0,0,10,2,22,0.0,2.3978952727983707,0.0,0.0,0.0,0.0,0.0,0.0
Arbil,2017-12-01,2,0,0.0,5,7,12,2,0,2,2,0,2,0,0,0,2,0,0,0,0,6.0,2.5,0,0,4,2,23,0.0,1.6094379124341003,0.0,0.0,0.0,0.0,0.0,0.0
Arbil,2018-01-01,1,0,0.0,1,0,1,1,0,1,1,0,0,1,0,0,0,0,0,0,0,1.0,1.0,0,0,4,2,24,0.0,1.6094379124341003,0.0,0.0,0.0,0.0,0.0,0.0
Arbil,2018-02-01,0,0,,0,0,0,0,0,0,0,0,0,0,0,0,0,0,0,0,0,,,0,0,4,2,25,0.0,1.6094379124341003,0.0,0.0,0.0,0.0,0.0,0.0
Arbil,2018-03-01,2,0,0.0,5,1,6,2,0,2,0,2,0,1,1,0,0,1,0,0,0,3.0,2.5,1,7,18,2,26,0.6931471805599453,2.9444389791664403,0.0,0.0,0.0,0.0,0.0,0.0
Arbil,2018-04-01,2,0,0.0,1,3,4,2,0,2,1,1,1,0,1,0,1,1,0,0,0,2.0,0.5,0,0,11,2,27,0.0,2.4849066497880004,0.6931471805599453,0.0,0.0,0.0,0.0,0.0
Arbil,2018-05-01,2,0,0.0,0,1,1,1,0,2,1,1,0,0,1,0,1,1,0,0,0,1.0,0.0,2,2,6,2,28,1.0986122886681098,1.9459101490553132,0.0,0.6931471805599453,0.0,0.0,0.0,0.0
Arbil,2018-06-01,2,0,0.0,1,0,1,1,0,2,2,0,0,1,0,1,1,1,0,0,0,1.0,1.0,0,0,21,2,29,0.0,3.091042453358316,1.0986122886681098,0.0,0.6931471805599453,0.0,0.0,0.0
Arbil,2018-07-01,2,2,2.0,8,2,10,2,0,2,2,0,0,0,0,1,0,0,1,1,0,5.0,4.0,2,2,12,2,30,1.0986122886681098,2.5649493574615367,0.0,1.0986122886681098,0.0,0.6931471805599453,0.0,0.0
Arbil,2018-08-01,1,1,1.0,0,0,0,0,0,1,1,0,0,0,0,0,0,0,1,0,0,,,1,0,14,2,31,0.6931471805599453,2.70805020110221,1.0986122886681098,0.0,1.0986122886681098,0.0,0.6931471805599453,0.0
Arbil,2018-09-01,1,0,0.0,0,0,0,0,0,1,1,0,1,0,0,0,1,0,0,0,0,,,2,3,10,2,32,1.0986122886681098,2.3978952727983707,0.6931471805599453,1.0986122886681098,0.0,1.0986122886681098,0.0,0.6931471805599453
Arbil,2018-10-01,2,2,2.0,2,0,2,1,0,2,2,0,1,0,0,0,0,1,1,0,0,2.0,2.0,3,5,9,2,33,1.3862943611198906,2.302585092994046,1.0986122886681098,0.6931471805599453,1.0986122886681098,0.0,1.0986122886681098,0.0
Arbil,2018-11-01,0,0,,0,0,0,0,0,0,0,0,0,0,0,0,0,0,0,0,0,,,2,19,5,2,34,1.0986122886681098,1.791759469228055,1.3862943611198906,1.0986122886681098,0.6931471805599453,1.0986122886681098,0.0,1.0986122886681098
Arbil,2018-12-01,0,0,,0,0,0,0,0,0,0,0,0,0,0,0,0,0,0,0,0,,,1,0,12,2,35,0.6931471805599453,2.5649493574615367,1.0986122886681098,1.3862943611198906,1.0986122886681098,0.6931471805599453,1.0986122886681098,0.0
Arbil,2019-01-01,2,0,0.0,2,3,5,2,0,2,2,0,2,0,0,0,2,0,0,0,0,2.5,1.0,0,0,7,2,36,0.0,2.0794415416798357,0.6931471805599453,1.0986122886681098,1.3862943611198906,1.0986122886681098,0.6931471805599453,1.0986122886681098
Arbil,2019-02-01,0,0,,0,0,0,0,0,0,0,0,0,0,0,0,0,0,0,0,0,,,0,0,6,2,37,0.0,1.9459101490553132,0.0,0.6931471805599453,1.0986122886681098,1.3862943611198906,1.0986122886681098,0.6931471805599453
Arbil,2019-03-01,2,0,0.0,3,0,3,2,0,2,2,0,0,2,0,0,0,2,0,0,0,1.5,1.5,0,0,14,2,38,0.0,2.70805020110221,0.0,0.0,0.6931471805599453,1.0986122886681098,1.3862943611198906,1.0986122886681098
Arbil,2019-04-01,0,0,,0,0,0,0,0,0,0,0,0,0,0,0,0,0,0,0,0,,,0,0,15,2,39,0.0,2.772588722239781,0.0,0.0,0.0,0.6931471805599453,1.0986122886681098,1.3862943611198906
Arbil,2019-05-01,2,2,1.0,1,4,5,2,0,2,1,1,0,0,0,0,2,0,0,0,0,2.5,0.5,0,0,17,2,40,0.0,2.8903717578961645,0.0,0.0,0.0,0.0,0.6931471805599453,1.0986122886681098
Arbil,2019-06-01,0,0,,0,0,0,0,0,0,0,0,0,0,0,0,0,0,0,0,0,,,1,0,36,2,41,0.6931471805599453,3.6109179126442243,0.0,0.0,0.0,0.0,0.0,0.6931471805599453
Arbil,2019-07-01,2,0,0.0,3,0,3,2,0,2,2,0,1,1,0,0,1,0,0,0,0,1.5,1.5,0,0,15,2,42,0.0,2.772588722239781,0.6931471805599453,0.0,0.0,0.0,0.0,0.0
Arbil,2019-08-01,0,0,,0,0,0,0,0,0,0,0,0,0,0,0,0,0,0,0,0,,,0,0,16,2,43,0.0,2.833213344056216,0.0,0.6931471805599453,0.0,0.0,0.0,0.0
Arbil,2019-09-01,1,0,0.0,1,0,1,1,0,1,1,0,1,0,0,0,0,1,0,0,0,1.0,1.0,0,0,18,2,44,0.0,2.9444389791664403,0.0,0.0,0.6931471805599453,0.0,0.0,0.0
Arbil,2019-10-01,0,0,,0,0,0,0,0,0,0,0,0,0,0,0,0,0,0,0,0,,,1,0,9,2,45,0.6931471805599453,2.302585092994046,0.0,0.0,0.0,0.6931471805599453,0.0,0.0
Arbil,2019-11-01,1,1,1.0,0,5,5,1,0,1,1,0,1,0,0,0,0,0,0,0,0,5.0,0.0,0,0,16,2,46,0.0,2.833213344056216,0.6931471805599453,0.0,0.0,0.0,0.6931471805599453,0.0
Arbil,2019-12-01,1,1,0.0,0,0,0,1,0,1,0,1,0,1,0,0,1,0,0,0,0,0.0,0.0,0,0,2,2,47,0.0,1.0986122886681098,0.0,0.6931471805599453,0.0,0.0,0.0,0.6931471805599453
Arbil,2020-01-01,0,0,,0,0,0,0,0,0,0,0,0,0,0,0,0,0,0,0,0,,,0,0,3,2,48,0.0,1.3862943611198906,0.0,0.0,0.6931471805599453,0.0,0.0,0.0
Arbil,2020-02-01,0,0,,0,0,0,0,0,0,0,0,0,0,0,0,0,0,0,0,0,,,0,0,10,2,49,0.0,2.3978952727983707,0.0,0.0,0.0,0.6931471805599453,0.0,0.0
Arbil,2020-03-01,1,1,1.0,2,1,3,1,0,1,1,0,0,1,0,0,1,0,0,0,0,3.0,2.0,0,0,15,2,50,0.0,2.772588722239781,0.0,0.0,0.0,0.0,0.6931471805599453,0.0
Arbil,2020-04-01,2,1,1.0,3,4,7,2,0,2,2,0,1,0,0,0,0,2,0,0,0,3.5,1.5,0,0,16,2,51,0.0,2.833213344056216,0.0,0.0,0.0,0.0,0.0,0.6931471805599453
Arbil,2020-05-01,2,2,2.0,0,0,0,2,0,2,2,0,0,0,0,0,2,0,0,0,0,0.0,0.0,0,0,17,2,52,0.0,2.8903717578961645,0.0,0.0,0.0,0.0,0.0,0.0
Arbil,2020-06-01,1,0,0.0,2,2,4,1,0,1,1,0,1,0,0,0,0,1,0,0,0,4.0,2.0,2,31,26,2,53,1.0986122886681098,3.295836866004329,0.0,0.0,0.0,0.0,0.0,0.0
Arbil,2020-07-01,0,0,,0,0,0,0,0,0,0,0,0,0,0,0,0,0,0,0,0,,,4,2,13,2,54,1.6094379124341003,2.6390573296152584,1.0986122886681098,0.0,0.0,0.0,0.0,0.0
Arbil,2020-08-01,0,0,,0,0,0,0,0,0,0,0,0,0,0,0,0,0,0,0,0,,,0,0,17,2,55,0.0,2.8903717578961645,1.6094379124341003,1.0986122886681098,0.0,0.0,0.0,0.0
Arbil,2020-09-01,3,0,0.0,1,0,1,3,0,3,3,0,3,0,0,0,1,1,0,0,0,0.3333333333333333,0.3333333333333333,0,0,27,2,56,0.0,3.332204510175204,0.0,1.6094379124341003,1.0986122886681098,0.0,0.0,0.0
Arbil,2020-10-01,1,1,1.0,4,0,4,1,0,1,1,0,1,0,0,0,1,0,0,0,0,4.0,4.0,0,0,17,2,57,0.0,2.8903717578961645,0.0,0.0,1.6094379124341003,1.0986122886681098,0.0,0.0
Arbil,2020-11-01,3,1,0.0,0,0,0,1,0,3,2,1,0,1,0,2,2,1,0,0,0,0.0,0.0,4,20,15,2,58,1.6094379124341003,2.772588722239781,0.0,0.0,0.0,1.6094379124341003,1.0986122886681098,0.0
Arbil,2020-12-01,0,0,,0,0,0,0,0,0,0,0,0,0,0,0,0,0,0,0,0,,,0,0,5,2,59,0.0,1.791759469228055,1.6094379124341003,0.0,0.0,0.0,1.6094379124341003,1.0986122886681098
Babil,2016-01-01,15,7,7.0,14,61,75,15,0,15,15,0,12,3,0,0,6,2,1,0,1,5.0,0.9333333333333333,0,0,0,3,0,0.0,0.0,,,,,,
Babil,2016-02-01,14,2,2.0,16,81,97,14,0,14,14,0,14,0,0,0,8,2,1,0,2,6.928571428571429,1.1428571428571428,0,0,0,3,1,0.0,0.0,0.0,,,,,
Babil,2016-03-01,17,4,4.0,113,225,338,17,3,14,15,2,16,0,0,0,9,4,1,1,1,19.88235294117647,6.647058823529412,0,0,0,3,2,0.0,0.0,0.0,0.0,,,,
Babil,2016-04-01,12,2,2.0,15,51,66,12,1,11,11,1,11,1,0,0,5,4,3,0,0,5.5,1.25,0,0,0,3,3,0.0,0.0,0.0,0.0,0.0,,,
Babil,2016-05-01,25,0,0.0,48,149,197,25,0,25,25,0,24,1,0,0,11,4,0,1,5,7.88,1.92,0,0,0,3,4,0.0,0.0,0.0,0.0,0.0,0.0,,
Babil,2016-06-01,12,1,1.0,24,63,87,12,1,11,12,0,11,1,0,0,7,3,1,0,0,7.25,2.0,0,0,0,3,5,0.0,0.0,0.0,0.0,0.0,0.0,0.0,
Babil,2016-07-01,12,1,1.0,18,78,96,12,0,12,12,0,11,1,0,0,7,2,1,0,2,8.0,1.5,0,0,0,3,6,0.0,0.0,0.0,0.0,0.0,0.0,0.0,0.0
Babil,2016-08-01,10,1,1.0,25,72,97,10,2,8,10,0,9,1,0,0,6,3,0,0,0,9.7,2.5,0,0,0,3,7,0.0,0.0,0.0,0.0,0.0,0.0,0.0,0.0
Babil,2016-09-01,11,1,1.0,17,47,64,11,0,11,10,1,10,1,0,0,3,1,2,0,3,5.818181818181818,1.5454545454545454,2,0,0,3,8,1.0986122886681098,0.0,0.0,0.0,0.0,0.0,0.0,0.0
Babil,2016-10-01,13,2,2.0,33,92,125,13,1,12,12,1,13,0,0,0,10,1,0,0,0,9.615384615384615,2.5384615384615383,0,0,0,3,9,0.0,0.0,1.0986122886681098,0.0,0.0,0.0,0.0,0.0
Babil,2016-11-01,5,1,1.0,106,47,153,5,1,4,5,0,5,0,0,0,4,0,0,0,1,30.6,21.2,0,0,0,3,10,0.0,0.0,0.0,1.0986122886681098,0.0,0.0,0.0,0.0
Babil,2016-12-01,1,0,0.0,1,7,8,1,0,1,1,0,1,0,0,0,1,0,0,0,0,8.0,1.0,0,0,0,3,11,0.0,0.0,0.0,0.0,1.0986122886681098,0.0,0.0,0.0
Babil,2017-01-01,5,0,0.0,2,8,10,5,0,5,4,1,4,1,0,0,3,1,0,0,0,2.0,0.4,0,0,0,3,12,0.0,0.0,0.0,0.0,0.0,1.0986122886681098,0.0,0.0
Babil,2017-02-01,2,1,1.0,0,6,6,2,0,2,2,0,2,0,0,0,2,0,0,0,0,3.0,0.0,0,0,0,3,13,0.0,0.0,0.0,0.0,0.0,0.0,1.0986122886681098,0.0
Babil,2017-03-01,8,1,1.0,3,26,29,8,0,8,8,0,7,1,0,0,5,1,0,0,2,3.625,0.375,0,0,0,3,14,0.0,0.0,0.0,0.0,0.0,0.0,0.0,1.0986122886681098
Babil,2017-04-01,5,1,1.0,5,13,18,4,1,4,5,0,5,0,0,0,4,0,0,0,0,4.5,1.25,0,0,0,3,15,0.0,0.0,0.0,0.0,0.0,0.0,0.0,0.0
Babil,2017-05-01,3,0,0.0,2,8,10,3,0,3,2,1,3,0,0,0,1,0,0,0,1,3.3333333333333335,0.6666666666666666,0,0,0,3,16,0.0,0.0,0.0,0.0,0.0,0.0,0.0,0.0
Babil,2017-06-01,9,3,3.0,36,33,69,9,4,5,7,2,8,0,0,0,5,1,0,0,1,7.666666666666667,4.0,0,0,0,3,17,0.0,0.0,0.0,0.0,0.0,0.0,0.0,0.0
Babil,2017-07-01,13,3,3.0,27,14,21,10,1,12,11,2,8,2,0,3,5,5,1,0,0,2.1,2.7,0,0,0,3,18,0.0,0.0,0.0,0.0,0.0,0.0,0.0,0.0
Babil,2017-08-01,8,2,2.0,8,22,30,8,0,8,8,0,8,0,0,0,5,2,0,0,0,3.75,1.0,0,0,0,3,19,0.0,0.0,0.0,0.0,0.0,0.0,0.0,0.0
Babil,2017-09-01,9,0,0.0,6,30,36,9,0,9,8,1,7,1,1,0,5,2,0,1,1,4.0,0.6666666666666666,0,0,0,3,20,0.0,0.0,0.0,0.0,0.0,0.0,0.0,0.0
Babil,2017-10-01,10,0,0.0,6,31,37,9,1,9,9,1,8,1,0,1,4,2,1,0,3,4.111111111111111,0.6666666666666666,0,0,0,3,21,0.0,0.0,0.0,0.0,0.0,0.0,0.0,0.0
Babil,2017-11-01,6,1,0.0,3,9,12,6,0,6,4,2,4,2,0,0,3,1,1,0,0,2.0,0.5,0,0,0,3,22,0.0,0.0,0.0,0.0,0.0,0.0,0.0,0.0
Babil,2017-12-01,6,0,0.0,1,6,7,6,0,6,4,2,6,0,0,0,0,2,0,0,1,1.1666666666666667,0.16666666666666666,0,0,0,3,23,0.0,0.0,0.0,0.0,0.0,0.0,0.0,0.0
Babil,2018-01-01,7,0,0.0,5,17,22,7,0,7,7,0,6,0,1,0,4,1,0,0,1,3.142857142857143,0.7142857142857143,0,0,0,3,24,0.0,0.0,0.0,0.0,0.0,0.0,0.0,0.0
Babil,2018-02-01,7,0,0.0,2,22,24,7,0,7,7,0,7,0,0,0,4,0,0,0,3,3.4285714285714284,0.2857142857142857,0,0,0,3,25,0.0,0.0,0.0,0.0,0.0,0.0,0.0,0.0
Babil,2018-03-01,8,2,2.0,8,19,27,8,1,7,8,0,8,0,0,0,5,2,0,0,1,3.375,1.0,0,0,0,3,26,0.0,0.0,0.0,0.0,0.0,0.0,0.0,0.0
Babil,2018-04-01,3,0,0.0,0,3,3,3,0,3,3,0,2,0,0,1,2,0,0,0,1,1.0,0.0,0,0,0,3,27,0.0,0.0,0.0,0.0,0.0,0.0,0.0,0.0
Babil,2018-05-01,3,1,1.0,0,3,3,3,0,3,2,1,2,0,1,0,2,1,0,0,0,1.0,0.0,0,0,0,3,28,0.0,0.0,0.0,0.0,0.0,0.0,0.0,0.0
Babil,2018-06-01,3,0,0.0,2,2,3,2,0,3,3,0,1,0,2,0,0,0,1,2,0,1.5,1.0,0,0,0,3,29,0.0,0.0,0.0,0.0,0.0,0.0,0.0,0.0
Babil,2018-07-01,0,0,,0,0,0,0,0,0,0,0,0,0,0,0,0,0,0,0,0,,,0,0,0,3,30,0.0,0.0,0.0,0.0,0.0,0.0,0.0,0.0
Babil,2018-08-01,1,0,0.0,0,1,1,1,0,1,1,0,1,0,0,0,0,1,0,0,0,1.0,0.0,0,0,0,3,31,0.0,0.0,0.0,0.0,0.0,0.0,0.0,0.0
Babil,2018-09-01,0,0,,0,0,0,0,0,0,0,0,0,0,0,0,0,0,0,0,0,,,0,0,0,3,32,0.0,0.0,0.0,0.0,0.0,0.0,0.0,0.0
Babil,2018-10-01,3,0,0.0,0,0,0,3,0,3,3,0,3,0,0,0,0,0,1,1,0,0.0,0.0,0,0,0,3,33,0.0,0.0,0.0,0.0,0.0,0.0,0.0,0.0
Babil,2018-11-01,0,0,,0,0,0,0,0,0,0,0,0,0,0,0,0,0,0,0,0,,,0,0,0,3,34,0.0,0.0,0.0,0.0,0.0,0.0,0.0,0.0
Babil,2018-12-01,0,0,,0,0,0,0,0,0,0,0,0,0,0,0,0,0,0,0,0,,,0,0,0,3,35,0.0,0.0,0.0,0.0,0.0,0.0,0.0,0.0
Babil,2019-01-01,0,0,,0,0,0,0,0,0,0,0,0,0,0,0,0,0,0,0,0,,,0,0,0,3,36,0.0,0.0,0.0,0.0,0.0,0.0,0.0,0.0
Babil,2019-02-01,0,0,,0,0,0,0,0,0,0,0,0,0,0,0,0,0,0,0,0,,,0,0,0,3,37,0.0,0.0,0.0,0.0,0.0,0.0,0.0,0.0
Babil,2019-03-01,0,0,,0,0,0,0,0,0,0,0,0,0,0,0,0,0,0,0,0,,,0,0,0,3,38,0.0,0.0,0.0,0.0,0.0,0.0,0.0,0.0
Babil,2019-04-01,1,0,0.0,0,3,3,1,0,1,1,0,1,0,0,0,0,1,0,0,0,3.0,0.0,0,0,0,3,39,0.0,0.0,0.0,0.0,0.0,0.0,0.0,0.0
Babil,2019-05-01,0,0,,0,0,0,0,0,0,0,0,0,0,0,0,0,0,0,0,0,,,0,0,0,3,40,0.0,0.0,0.0,0.0,0.0,0.0,0.0,0.0
Babil,2019-06-01,2,1,0.0,0,0,0,1,0,2,0,2,0,0,1,0,0,1,0,1,0,0.0,0.0,0,0,0,3,41,0.0,0.0,0.0,0.0,0.0,0.0,0.0,0.0
Babil,2019-07-01,0,0,,0,0,0,0,0,0,0,0,0,0,0,0,0,0,0,0,0,,,0,0,0,3,42,0.0,0.0,0.0,0.0,0.0,0.0,0.0,0.0
Babil,2019-08-01,1,1,1.0,3,30,33,1,0,1,1,0,1,0,0,0,0,0,0,0,0,33.0,3.0,0,0,0,3,43,0.0,0.0,0.0,0.0,0.0,0.0,0.0,0.0
Babil,2019-09-01,0,0,,0,0,0,0,0,0,0,0,0,0,0,0,0,0,0,0,0,,,0,0,0,3,44,0.0,0.0,0.0,0.0,0.0,0.0,0.0,0.0
Babil,2019-10-01,2,1,0.0,7,38,45,2,1,1,1,1,1,1,0,0,2,0,0,0,0,22.5,3.5,0,0,0,3,45,0.0,0.0,0.0,0.0,0.0,0.0,0.0,0.0
Babil,2019-11-01,0,0,,0,0,0,0,0,0,0,0,0,0,0,0,0,0,0,0,0,,,0,0,0,3,46,0.0,0.0,0.0,0.0,0.0,0.0,0.0,0.0
Babil,2019-12-01,0,0,,0,0,0,0,0,0,0,0,0,0,0,0,0,0,0,0,0,,,0,0,0,3,47,0.0,0.0,0.0,0.0,0.0,0.0,0.0,0.0
Babil,2020-01-01,0,0,,0,0,0,0,0,0,0,0,0,0,0,0,0,0,0,0,0,,,0,0,0,3,48,0.0,0.0,0.0,0.0,0.0,0.0,0.0,0.0
Babil,2020-02-01,2,0,0.0,2,3,5,2,0,2,2,0,2,0,0,0,1,1,0,0,0,2.5,1.0,0,0,0,3,49,0.0,0.0,0.0,0.0,0.0,0.0,0.0,0.0
Babil,2020-03-01,3,0,0.0,1,3,4,2,0,3,3,0,2,1,0,0,1,2,0,0,0,2.0,0.5,0,0,0,3,50,0.0,0.0,0.0,0.0,0.0,0.0,0.0,0.0
Babil,2020-04-01,0,0,,0,0,0,0,0,0,0,0,0,0,0,0,0,0,0,0,0,,,0,0,0,3,51,0.0,0.0,0.0,0.0,0.0,0.0,0.0,0.0
Babil,2020-05-01,2,1,1.0,1,2,3,2,0,2,2,0,1,1,0,0,0,2,0,0,0,1.5,0.5,0,0,0,3,52,0.0,0.0,0.0,0.0,0.0,0.0,0.0,0.0
Babil,2020-06-01,0,0,,0,0,0,0,0,0,0,0,0,0,0,0,0,0,0,0,0,,,0,0,0,3,53,0.0,0.0,0.0,0.0,0.0,0.0,0.0,0.0
Babil,2020-07-01,0,0,,0,0,0,0,0,0,0,0,0,0,0,0,0,0,0,0,0,,,0,0,0,3,54,0.0,0.0,0.0,0.0,0.0,0.0,0.0,0.0
Babil,2020-08-01,3,0,0.0,1,0,1,3,0,3,2,1,2,1,0,0,1,2,0,0,0,0.3333333333333333,0.3333333333333333,0,0,0,3,55,0.0,0.0,0.0,0.0,0.0,0.0,0.0,0.0
Babil,2020-09-01,9,0,0.0,0,1,1,8,0,9,9,0,9,0,0,0,0,9,0,0,0,0.125,0.0,0,0,0,3,56,0.0,0.0,0.0,0.0,0.0,0.0,0.0,0.0
Babil,2020-10-01,2,0,0.0,1,0,1,2,0,2,0,2,1,0,1,0,0,1,0,1,0,0.5,0.5,0,0,0,3,57,0.0,0.0,0.0,0.0,0.0,0.0,0.0,0.0
Babil,2020-11-01,2,2,2.0,5,4,9,2,0,2,2,0,1,0,0,0,0,2,0,0,0,4.5,2.5,0,0,0,3,58,0.0,0.0,0.0,0.0,0.0,0.0,0.0,0.0
Babil,2020-12-01,7,0,0.0,1,0,1,7,0,7,7,0,7,0,0,0,2,5,0,0,0,0.14285714285714285,0.14285714285714285,0,0,0,3,59,0.0,0.0,0.0,0.0,0.0,0.0,0.0,0.0
Baghdad,2016-01-01,101,5,5.0,132,438,569,96,1,100,93,8,89,8,0,4,62,2,3,10,6,5.927083333333333,1.375,0,0,0,4,0,0.0,0.0,,,,,,
Baghdad,2016-02-01,93,6,6.0,202,556,758,93,4,89,87,6,86,6,1,0,29,3,4,5,36,8.150537634408602,2.172043010752688,0,0,0,4,1,0.0,0.0,0.0,,,,,
Baghdad,2016-03-01,86,6,5.0,114,401,515,86,1,85,82,4,81,4,0,0,39,3,6,3,24,5.988372093023256,1.3255813953488371,0,0,0,4,2,0.0,0.0,0.0,0.0,,,,
Baghdad,2016-04-01,86,6,6.0,109,402,511,81,6,80,81,5,80,4,1,1,48,6,1,6,12,6.308641975308642,1.345679012345679,2,39,0,4,3,1.0986122886681098,0.0,0.0,0.0,0.0,,,
Baghdad,2016-05-01,92,18,17.0,257,649,906,89,9,83,87,5,79,9,2,1,44,4,9,9,17,10.179775280898877,2.8876404494382024,2,4,0,4,4,1.0986122886681098,0.0,1.0986122886681098,0.0,0.0,0.0,,
Baghdad,2016-06-01,97,4,4.0,148,517,665,97,3,94,91,6,90,5,0,0,53,3,1,3,26,6.855670103092783,1.5257731958762886,1,2,0,4,5,0.6931471805599453,0.0,1.0986122886681098,1.0986122886681098,0.0,0.0,0.0,
Baghdad,2016-07-01,82,9,8.0,527,636,1163,82,7,75,79,3,76,4,1,1,45,6,4,6,16,14.182926829268293,6.426829268292683,2,10,0,4,6,1.0986122886681098,0.0,0.6931471805599453,1.0986122886681098,1.0986122886681098,0.0,0.0,0.0
Baghdad,2016-08-01,89,2,2.0,133,398,531,89,4,85,86,3,75,8,5,0,38,3,4,10,25,5.966292134831461,1.4943820224719102,2,3,0,4,7,1.0986122886681098,0.0,1.0986122886681098,0.6931471805599453,1.0986122886681098,1.0986122886681098,0.0,0.0
Baghdad,2016-09-01,90,11,10.0,154,509,663,90,7,83,85,5,84,6,0,0,40,5,3,6,24,7.366666666666666,1.711111111111111,2,2,0,4,8,1.0986122886681098,0.0,1.0986122886681098,1.0986122886681098,0.6931471805599453,1.0986122886681098,1.0986122886681098,0.0
Baghdad,2016-10-01,71,8,8.0,158,466,623,67,7,64,70,1,67,4,0,0,28,3,2,7,26,9.298507462686567,2.3582089552238807,1,0,0,4,9,0.6931471805599453,0.0,1.0986122886681098,1.0986122886681098,1.0986122886681098,0.6931471805599453,1.0986122886681098,1.0986122886681098
Baghdad,2016-11-01,75,12,12.0,91,343,434,71,0,75,73,2,72,2,1,0,36,2,1,4,21,6.112676056338028,1.2816901408450705,5,0,0,4,10,1.791759469228055,0.0,0.6931471805599453,1.0986122886681098,1.0986122886681098,1.0986122886681098,0.6931471805599453,1.0986122886681098
Baghdad,2016-12-01,49,22,22.0,77,223,300,47,4,45,49,0,47,1,0,1,39,2,1,1,3,6.382978723404255,1.6382978723404256,2,0,0,4,11,1.0986122886681098,0.0,1.791759469228055,0.6931471805599453,1.0986122886681098,1.0986122886681098,1.0986122886681098,0.6931471805599453
Baghdad,2017-01-01,51,15,15.0,103,282,385,49,6,45,47,4,49,1,0,1,36,1,0,0,9,7.857142857142857,2.1020408163265305,0,0,0,4,12,0.0,0.0,1.0986122886681098,1.791759469228055,0.6931471805599453,1.0986122886681098,1.0986122886681098,1.0986122886681098
Baghdad,2017-02-01,49,4,4.0,89,243,332,49,1,48,47,2,47,1,1,0,28,1,3,1,12,6.775510204081633,1.816326530612245,0,0,0,4,13,0.0,0.0,0.0,1.0986122886681098,1.791759469228055,0.6931471805599453,1.0986122886681098,1.0986122886681098
Baghdad,2017-03-01,53,2,2.0,72,186,258,53,1,52,50,3,51,2,0,0,22,5,2,2,16,4.867924528301887,1.3584905660377358,0,0,0,4,14,0.0,0.0,0.0,0.0,1.0986122886681098,1.791759469228055,0.6931471805599453,1.0986122886681098
Baghdad,2017-04-01,24,3,3.0,19,63,81,23,4,20,20,4,23,0,1,0,12,2,1,1,5,3.5217391304347827,0.8260869565217391,0,0,0,4,15,0.0,0.0,0.0,0.0,0.0,1.0986122886681098,1.791759469228055,0.6931471805599453
Baghdad,2017-05-01,40,8,7.0,63,170,233,40,7,33,29,11,37,1,2,0,10,4,6,3,9,5.825,1.575,0,0,0,4,16,0.0,0.0,0.0,0.0,0.0,0.0,1.0986122886681098,1.791759469228055
Baghdad,2017-06-01,30,2,1.0,7,45,52,30,2,28,19,11,28,2,0,0,11,0,2,0,6,1.7333333333333334,0.23333333333333334,0,0,0,4,17,0.0,0.0,0.0,0.0,0.0,0.0,0.0,1.0986122886681098
Baghdad,2017-07-01,35,2,2.0,23,68,91,35,0,35,34,1,22,7,3,2,20,6,3,2,3,2.6,0.6571428571428571,1,0,0,4,18,0.6931471805599453,0.0,0.0,0.0,0.0,0.0,0.0,0.0
Baghdad,2017-08-01,41,10,10.0,33,88,121,41,2,39,36,5,37,4,0,0,20,6,0,1,6,2.951219512195122,0.8048780487804879,0,0,0,4,19,0.0,0.0,0.6931471805599453,0.0,0.0,0.0,0.0,0.0
Baghdad,2017-09-01,34,2,2.0,20,67,87,34,0,34,31,3,30,2,2,0,13,8,2,1,8,2.5588235294117645,0.5882352941176471,2,0,0,4,20,1.0986122886681098,0.0,0.0,0.6931471805599453,0.0,0.0,0.0,0.0
Baghdad,2017-10-01,25,0,0.0,12,50,62,25,0,25,24,1,23,2,0,0,5,3,1,1,8,2.48,0.48,1,0,0,4,21,0.6931471805599453,0.0,1.0986122886681098,0.0,0.6931471805599453,0.0,0.0,0.0
Baghdad,2017-11-01,23,1,0.0,10,35,45,23,1,22,20,3,19,3,1,0,7,3,1,3,4,1.9565217391304348,0.43478260869565216,0,0,0,4,22,0.0,0.0,0.6931471805599453,1.0986122886681098,0.0,0.6931471805599453,0.0,0.0
Baghdad,2017-12-01,18,0,0.0,5,49,54,18,0,18,18,0,17,0,0,0,7,1,0,1,8,3.0,0.2777777777777778,1,0,0,4,23,0.6931471805599453,0.0,0.0,0.6931471805599453,1.0986122886681098,0.0,0.6931471805599453,0.0
Baghdad,2018-01-01,31,5,3.0,68,144,212,31,6,25,26,5,23,4,1,0,7,1,1,6,7,6.838709677419355,2.193548387096774,0,0,0,4,24,0.0,0.0,0.6931471805599453,0.0,0.6931471805599453,1.0986122886681098,0.0,0.6931471805599453
Baghdad,2018-02-01,22,0,0.0,7,55,62,22,0,22,22,0,21,1,0,0,9,2,0,1,9,2.8181818181818183,0.3181818181818182,1,0,0,4,25,0.6931471805599453,0.0,0.0,0.6931471805599453,0.0,0.6931471805599453,1.0986122886681098,0.0
Baghdad,2018-03-01,20,0,0.0,7,26,33,19,0,20,17,3,17,1,1,0,7,0,0,1,8,1.736842105263158,0.3684210526315789,2,0,0,4,26,1.0986122886681098,0.0,0.6931471805599453,0.0,0.6931471805599453,0.0,0.6931471805599453,1.0986122886681098
Baghdad,2018-04-01,7,0,0.0,1,9,10,7,0,7,6,1,5,1,1,0,4,0,0,0,2,1.4285714285714286,0.14285714285714285,1,0,0,4,27,0.6931471805599453,0.0,1.0986122886681098,0.6931471805599453,0.0,0.6931471805599453,0.0,0.6931471805599453
Baghdad,2018-05-01,13,3,1.0,6,22,28,13,3,10,7,6,10,0,3,0,5,0,0,3,2,2.1538461538461537,0.46153846153846156,1,0,0,4,28,0.6931471805599453,0.0,0.6931471805599453,1.0986122886681098,0.6931471805599453,0.0,0.6931471805599453,0.0
Baghdad,2018-06-01,10,3,3.0,2,14,16,10,0,10,9,1,6,2,1,0,4,0,1,1,1,1.6,0.2,0,0,0,4,29,0.0,0.0,0.6931471805599453,0.6931471805599453,1.0986122886681098,0.6931471805599453,0.0,0.6931471805599453
Baghdad,2018-07-01,7,4,4.0,3,20,23,7,0,7,6,1,6,1,0,0,5,0,0,1,0,3.2857142857142856,0.42857142857142855,0,0,0,4,30,0.0,0.0,0.0,0.6931471805599453,0.6931471805599453,1.0986122886681098,0.6931471805599453,0.0
Baghdad,2018-08-01,12,7,7.0,2,41,43,12,0,12,12,0,12,0,0,0,10,1,0,0,0,3.5833333333333335,0.16666666666666666,0,0,0,4,31,0.0,0.0,0.0,0.0,0.6931471805599453,0.6931471805599453,1.0986122886681098,0.6931471805599453
Baghdad,2018-09-01,27,12,12.0,6,34,40,26,0,27,18,9,23,1,3,0,14,1,1,1,0,1.5384615384615385,0.23076923076923078,0,0,0,4,32,0.0,0.0,0.0,0.0,0.0,0.6931471805599453,0.6931471805599453,1.0986122886681098
Baghdad,2018-10-01,12,6,6.0,7,21,28,12,0,12,12,0,11,1,0,0,10,0,1,0,0,2.3333333333333335,0.5833333333333334,0,0,0,4,33,0.0,0.0,0.0,0.0,0.0,0.0,0.6931471805599453,0.6931471805599453
Baghdad,2018-11-01,10,8,8.0,11,20,31,9,0,10,10,0,8,1,0,0,6,1,0,1,0,3.4444444444444446,1.2222222222222223,0,0,0,4,34,0.0,0.0,0.0,0.0,0.0,0.0,0.0,0.6931471805599453
Baghdad,2018-12-01,5,0,0.0,2,2,4,5,1,4,3,2,3,0,1,0,1,0,0,0,2,0.8,0.4,1,0,0,4,35,0.6931471805599453,0.0,0.0,0.0,0.0,0.0,0.0,0.0
Baghdad,2019-01-01,3,0,0.0,2,0,2,3,0,3,2,1,1,1,1,0,0,0,0,0,1,0.6666666666666666,0.6666666666666666,0,0,0,4,36,0.0,0.0,0.6931471805599453,0.0,0.0,0.0,0.0,0.0
Baghdad,2019-02-01,2,0,0.0,2,0,2,1,0,2,2,0,0,1,0,1,1,0,0,0,0,2.0,2.0,0,0,0,4,37,0.0,0.0,0.0,0.6931471805599453,0.0,0.0,0.0,0.0
Baghdad,2019-03-01,1,0,0.0,2,0,2,1,0,1,1,0,1,0,0,0,0,1,0,0,0,2.0,2.0,0,0,0,4,38,0.0,0.0,0.0,0.0,0.6931471805599453,0.0,0.0,0.0
Baghdad,2019-04-01,6,0,0.0,3,1,4,6,0,6,4,2,3,1,2,0,2,1,1,1,0,0.6666666666666666,0.5,0,0,0,4,39,0.0,0.0,0.0,0.0,0.0,0.6931471805599453,0.0,0.0
Baghdad,2019-05-01,8,2,1.0,10,19,29,8,1,7,4,4,5,0,3,0,3,0,0,2,1,3.625,1.25,0,0,0,4,40,0.0,0.0,0.0,0.0,0.0,0.0,0.6931471805599453,0.0
Baghdad,2019-06-01,7,2,2.0,12,37,49,7,1,6,7,0,5,2,0,0,1,0,0,1,2,7.0,1.7142857142857142,0,0,0,4,41,0.0,0.0,0.0,0.0,0.0,0.0,0.0,0.6931471805599453
Baghdad,2019-07-01,6,1,1.0,3,6,9,6,1,5,3,3,6,0,0,0,1,0,0,1,0,1.5,0.5,0,0,0,4,42,0.0,0.0,0.0,0.0,0.0,0.0,0.0,0.0
Baghdad,2019-08-01,3,2,2.0,2,15,17,3,0,3,3,0,3,0,0,0,2,0,0,0,1,5.666666666666667,0.6666666666666666,0,0,0,4,43,0.0,0.0,0.0,0.0,0.0,0.0,0.0,0.0
Baghdad,2019-09-01,11,9,8.0,1,24,25,11,1,10,10,1,10,1,0,0,8,0,0,1,0,2.272727272727273,0.09090909090909091,0,0,0,4,44,0.0,0.0,0.0,0.0,0.0,0.0,0.0,0.0
Baghdad,2019-10-01,10,1,1.0,6,11,17,6,0,10,10,0,3,5,1,0,2,1,0,1,0,2.8333333333333335,1.0,0,0,0,4,45,0.0,0.0,0.0,0.0,0.0,0.0,0.0,0.0
Baghdad,2019-11-01,15,3,3.0,14,104,118,15,0,15,15,0,12,1,0,2,7,0,1,2,1,7.866666666666666,0.9333333333333333,0,0,0,4,46,0.0,0.0,0.0,0.0,0.0,0.0,0.0,0.0
Baghdad,2019-12-01,25,0,0.0,55,159,189,22,0,25,25,0,11,7,0,7,18,3,1,0,1,8.590909090909092,2.5,0,0,0,4,47,0.0,0.0,0.0,0.0,0.0,0.0,0.0,0.0
Baghdad,2020-01-01,20,1,1.0,4,19,23,19,0,20,20,0,12,2,3,3,8,4,0,0,1,1.2105263157894737,0.21052631578947367,0,0,0,4,48,0.0,0.0,0.0,0.0,0.0,0.0,0.0,0.0
Baghdad,2020-02-01,23,1,1.0,5,31,36,21,0,23,23,0,17,2,1,2,7,5,0,0,1,1.7142857142857142,0.23809523809523808,0,0,0,4,49,0.0,0.0,0.0,0.0,0.0,0.0,0.0,0.0
Baghdad,2020-03-01,12,0,0.0,0,8,8,11,0,12,12,0,10,1,0,1,4,0,0,1,1,0.7272727272727273,0.0,0,0,0,4,50,0.0,0.0,0.0,0.0,0.0,0.0,0.0,0.0
Baghdad,2020-04-01,0,0,,0,0,0,0,0,0,0,0,0,0,0,0,0,0,0,0,0,,,0,0,0,4,51,0.0,0.0,0.0,0.0,0.0,0.0,0.0,0.0
Baghdad,2020-05-01,10,5,5.0,1,11,12,10,0,10,10,0,9,0,0,0,6,2,0,0,0,1.2,0.1,0,0,0,4,52,0.0,0.0,0.0,0.0,0.0,0.0,0.0,0.0
Baghdad,2020-06-01,8,0,0.0,1,0,1,8,0,8,8,0,7,1,0,0,0,1,0,0,2,0.125,0.125,0,0,0,4,53,0.0,0.0,0.0,0.0,0.0,0.0,0.0,0.0
Baghdad,2020-07-01,9,2,2.0,1,6,7,9,0,9,7,2,6,0,1,2,2,0,0,0,0,0.7777777777777778,0.1111111111111111,0,0,0,4,54,0.0,0.0,0.0,0.0,0.0,0.0,0.0,0.0
Baghdad,2020-08-01,14,0,0.0,0,0,0,14,0,14,11,3,11,2,0,0,4,1,0,0,0,0.0,0.0,2,7,0,4,55,1.0986122886681098,0.0,0.0,0.0,0.0,0.0,0.0,0.0
Baghdad,2020-09-01,9,0,0.0,6,7,13,9,0,9,9,0,9,0,0,0,0,0,0,0,3,1.4444444444444444,0.6666666666666666,0,0,0,4,56,0.0,0.0,1.0986122886681098,0.0,0.0,0.0,0.0,0.0
Baghdad,2020-10-01,8,0,0.0,1,2,3,8,0,8,7,1,7,0,0,0,3,0,0,1,2,0.375,0.125,0,0,0,4,57,0.0,0.0,0.0,1.0986122886681098,0.0,0.0,0.0,0.0
Baghdad,2020-11-01,14,0,0.0,3,10,13,14,0,14,14,0,9,2,2,0,3,0,0,3,5,0.9285714285714286,0.21428571428571427,0,0,0,4,58,0.0,0.0,0.0,0.0,1.0986122886681098,0.0,0.0,0.0
Baghdad,2020-12-01,10,0,0.0,1,6,7,10,0,10,9,1,7,1,1,1,3,1,0,0,4,0.7,0.1,0,0,0,4,59,0.0,0.0,0.0,0.0,0.0,1.0986122886681098,0.0,0.0
Basra,2016-01-01,0,0,,0,0,0,0,0,0,0,0,0,0,0,0,0,0,0,0,0,,,0,0,0,5,0,0.0,0.0,,,,,,
Basra,2016-02-01,0,0,,0,0,0,0,0,0,0,0,0,0,0,0,0,0,0,0,0,,,0,0,0,5,1,0.0,0.0,0.0,,,,,
Basra,2016-03-01,1,0,0.0,0,0,0,1,0,1,1,0,1,0,0,0,0,0,0,0,1,0.0,0.0,0,0,0,5,2,0.0,0.0,0.0,0.0,,,,
Basra,2016-04-01,2,1,1.0,6,10,16,2,1,1,2,0,2,0,0,0,1,0,0,1,0,8.0,3.0,0,0,0,5,3,0.0,0.0,0.0,0.0,0.0,,,
Basra,2016-05-01,0,0,,0,0,0,0,0,0,0,0,0,0,0,0,0,0,0,0,0,,,0,0,0,5,4,0.0,0.0,0.0,0.0,0.0,0.0,,
Basra,2016-06-01,0,0,,0,0,0,0,0,0,0,0,0,0,0,0,0,0,0,0,0,,,0,0,0,5,5,0.0,0.0,0.0,0.0,0.0,0.0,0.0,
Basra,2016-07-01,0,0,,0,0,0,0,0,0,0,0,0,0,0,0,0,0,0,0,0,,,0,0,0,5,6,0.0,0.0,0.0,0.0,0.0,0.0,0.0,0.0
Basra,2016-08-01,1,0,0.0,0,0,0,1,0,1,1,0,1,0,0,0,0,0,0,0,1,0.0,0.0,0,0,0,5,7,0.0,0.0,0.0,0.0,0.0,0.0,0.0,0.0
Basra,2016-09-01,0,0,,0,0,0,0,0,0,0,0,0,0,0,0,0,0,0,0,0,,,0,0,0,5,8,0.0,0.0,0.0,0.0,0.0,0.0,0.0,0.0
Basra,2016-10-01,1,0,0.0,0,0,0,1,0,1,0,1,1,0,0,0,1,0,0,0,0,0.0,0.0,0,0,0,5,9,0.0,0.0,0.0,0.0,0.0,0.0,0.0,0.0
Basra,2016-11-01,0,0,,0,0,0,0,0,0,0,0,0,0,0,0,0,0,0,0,0,,,0,0,0,5,10,0.0,0.0,0.0,0.0,0.0,0.0,0.0,0.0
Basra,2016-12-01,0,0,,0,0,0,0,0,0,0,0,0,0,0,0,0,0,0,0,0,,,0,0,0,5,11,0.0,0.0,0.0,0.0,0.0,0.0,0.0,0.0
Basra,2017-01-01,0,0,,0,0,0,0,0,0,0,0,0,0,0,0,0,0,0,0,0,,,0,0,0,5,12,0.0,0.0,0.0,0.0,0.0,0.0,0.0,0.0
Basra,2017-02-01,4,0,0.0,1,2,3,4,0,4,4,0,3,0,1,0,2,1,0,0,1,0.75,0.25,0,0,0,5,13,0.0,0.0,0.0,0.0,0.0,0.0,0.0,0.0
Basra,2017-03-01,2,0,0.0,0,3,3,2,0,2,2,0,2,0,0,0,0,0,1,0,1,1.5,0.0,0,0,0,5,14,0.0,0.0,0.0,0.0,0.0,0.0,0.0,0.0
Basra,2017-04-01,1,0,0.0,0,0,0,1,0,1,1,0,1,0,0,0,1,0,0,0,0,0.0,0.0,0,0,0,5,15,0.0,0.0,0.0,0.0,0.0,0.0,0.0,0.0
Basra,2017-05-01,5,2,2.0,14,31,45,5,2,3,5,0,5,0,0,0,2,2,1,0,0,9.0,2.8,0,0,0,5,16,0.0,0.0,0.0,0.0,0.0,0.0,0.0,0.0
Basra,2017-06-01,2,0,0.0,0,4,4,2,0,2,1,1,1,0,1,0,0,0,0,2,0,2.0,0.0,0,0,0,5,17,0.0,0.0,0.0,0.0,0.0,0.0,0.0,0.0
Basra,2017-07-01,2,0,0.0,1,0,1,2,0,2,1,1,0,1,1,0,0,0,0,2,0,0.5,0.5,0,0,0,5,18,0.0,0.0,0.0,0.0,0.0,0.0,0.0,0.0
Basra,2017-08-01,2,0,0.0,0,0,0,2,0,2,1,1,1,1,0,0,1,0,0,1,0,0.0,0.0,0,0,0,5,19,0.0,0.0,0.0,0.0,0.0,0.0,0.0,0.0
Basra,2017-09-01,0,0,,0,0,0,0,0,0,0,0,0,0,0,0,0,0,0,0,0,,,0,0,0,5,20,0.0,0.0,0.0,0.0,0.0,0.0,0.0,0.0
Basra,2017-10-01,2,1,1.0,2,0,2,2,0,2,2,0,2,0,0,0,1,0,0,0,1,1.0,1.0,0,0,0,5,21,0.0,0.0,0.0,0.0,0.0,0.0,0.0,0.0
Basra,2017-11-01,3,0,0.0,0,0,0,3,0,3,3,0,3,0,0,0,2,0,0,0,1,0.0,0.0,0,0,0,5,22,0.0,0.0,0.0,0.0,0.0,0.0,0.0,0.0
Basra,2017-12-01,3,0,0.0,0,0,0,3,0,3,3,0,3,0,0,0,0,0,0,0,3,0.0,0.0,0,0,0,5,23,0.0,0.0,0.0,0.0,0.0,0.0,0.0,0.0
Basra,2018-01-01,7,0,0.0,0,0,0,7,0,7,7,0,7,0,0,0,4,0,0,0,1,0.0,0.0,0,0,0,5,24,0.0,0.0,0.0,0.0,0.0,0.0,0.0,0.0
Basra,2018-02-01,2,0,0.0,0,1,1,2,0,2,2,0,2,0,0,0,1,0,0,0,1,0.5,0.0,0,0,0,5,25,0.0,0.0,0.0,0.0,0.0,0.0,0.0,0.0
Basra,2018-03-01,0,0,,0,0,0,0,0,0,0,0,0,0,0,0,0,0,0,0,0,,,0,0,0,5,26,0.0,0.0,0.0,0.0,0.0,0.0,0.0,0.0
Basra,2018-04-01,7,0,0.0,1,0,1,3,0,7,7,0,6,0,0,1,5,0,1,0,1,0.3333333333333333,0.3333333333333333,0,0,0,5,27,0.0,0.0,0.0,0.0,0.0,0.0,0.0,0.0
Basra,2018-05-01,2,0,0.0,0,0,0,2,0,2,0,2,0,0,2,0,1,0,1,0,0,0.0,0.0,0,0,0,5,28,0.0,0.0,0.0,0.0,0.0,0.0,0.0,0.0
Basra,2018-06-01,0,0,,0,0,0,0,0,0,0,0,0,0,0,0,0,0,0,0,0,,,0,0,0,5,29,0.0,0.0,0.0,0.0,0.0,0.0,0.0,0.0
Basra,2018-07-01,3,0,0.0,1,0,1,3,0,3,3,0,2,1,0,0,0,0,0,0,2,0.3333333333333333,0.3333333333333333,0,0,0,5,30,0.0,0.0,0.0,0.0,0.0,0.0,0.0,0.0
Basra,2018-08-01,3,0,0.0,1,1,2,3,0,3,3,0,2,1,0,0,1,0,0,0,2,0.6666666666666666,0.3333333333333333,0,0,0,5,31,0.0,0.0,0.0,0.0,0.0,0.0,0.0,0.0
Basra,2018-09-01,7,0,0.0,2,1,3,7,0,7,6,1,4,1,2,0,1,0,0,2,1,0.42857142857142855,0.2857142857142857,0,0,0,5,32,0.0,0.0,0.0,0.0,0.0,0.0,0.0,0.0
Basra,2018-10-01,4,0,0.0,0,4,4,4,0,4,3,1,2,2,0,0,0,0,0,1,0,1.0,0.0,0,0,0,5,33,0.0,0.0,0.0,0.0,0.0,0.0,0.0,0.0
Basra,2018-11-01,3,0,0.0,2,3,5,3,0,3,3,0,1,0,2,0,1,1,0,0,1,1.6666666666666667,0.6666666666666666,0,0,0,5,34,0.0,0.0,0.0,0.0,0.0,0.0,0.0,0.0
Basra,2018-12-01,3,0,0.0,2,1,3,3,0,3,3,0,3,0,0,0,1,0,0,0,0,1.0,0.6666666666666666,0,0,0,5,35,0.0,0.0,0.0,0.0,0.0,0.0,0.0,0.0
Basra,2019-01-01,1,0,0.0,0,0,0,1,0,1,0,1,0,1,0,0,0,0,0,0,1,0.0,0.0,0,0,0,5,36,0.0,0.0,0.0,0.0,0.0,0.0,0.0,0.0
Basra,2019-02-01,0,0,,0,0,0,0,0,0,0,0,0,0,0,0,0,0,0,0,0,,,0,0,0,5,37,0.0,0.0,0.0,0.0,0.0,0.0,0.0,0.0
Basra,2019-03-01,3,0,0.0,0,0,0,3,0,3,3,0,3,0,0,0,0,0,0,1,2,0.0,0.0,0,0,0,5,38,0.0,0.0,0.0,0.0,0.0,0.0,0.0,0.0
Basra,2019-04-01,2,0,0.0,1,0,1,2,0,2,1,1,0,1,1,0,0,1,0,1,0,0.5,0.5,0,0,0,5,39,0.0,0.0,0.0,0.0,0.0,0.0,0.0,0.0
Basra,2019-05-01,3,0,0.0,1,0,1,3,0,3,3,0,2,0,1,0,1,0,0,1,0,0.3333333333333333,0.3333333333333333,0,0,0,5,40,0.0,0.0,0.0,0.0,0.0,0.0,0.0,0.0
Basra,2019-06-01,6,0,0.0,0,4,4,6,0,6,5,1,5,0,1,0,2,0,0,1,2,0.6666666666666666,0.0,0,0,0,5,41,0.0,0.0,0.0,0.0,0.0,0.0,0.0,0.0
Basra,2019-07-01,4,0,0.0,0,1,1,4,0,4,4,0,3,0,0,1,1,0,0,0,3,0.25,0.0,0,0,0,5,42,0.0,0.0,0.0,0.0,0.0,0.0,0.0,0.0
Basra,2019-08-01,1,0,0.0,0,0,0,1,0,1,1,0,1,0,0,0,0,0,0,0,1,0.0,0.0,0,0,0,5,43,0.0,0.0,0.0,0.0,0.0,0.0,0.0,0.0
Basra,2019-09-01,0,0,,0,0,0,0,0,0,0,0,0,0,0,0,0,0,0,0,0,,,0,0,0,5,44,0.0,0.0,0.0,0.0,0.0,0.0,0.0,0.0
Basra,2019-10-01,3,0,0.0,2,0,2,2,0,3,3,0,2,0,1,0,2,0,0,1,0,1.0,1.0,0,0,0,5,45,0.0,0.0,0.0,0.0,0.0,0.0,0.0,0.0
Basra,2019-11-01,0,0,,0,0,0,0,0,0,0,0,0,0,0,0,0,0,0,0,0,,,0,0,0,5,46,0.0,0.0,0.0,0.0,0.0,0.0,0.0,0.0
Basra,2019-12-01,1,0,0.0,5,0,5,1,0,1,1,0,0,1,0,0,1,0,0,0,0,5.0,5.0,0,0,0,5,47,0.0,0.0,0.0,0.0,0.0,0.0,0.0,0.0
Basra,2020-01-01,3,0,0.0,3,5,8,3,0,3,3,0,1,1,1,0,1,0,0,0,1,2.6666666666666665,1.0,0,0,0,5,48,0.0,0.0,0.0,0.0,0.0,0.0,0.0,0.0
Basra,2020-02-01,2,0,0.0,2,0,2,2,0,2,2,0,0,1,1,0,1,1,0,0,0,1.0,1.0,0,0,0,5,49,0.0,0.0,0.0,0.0,0.0,0.0,0.0,0.0
Basra,2020-03-01,5,0,0.0,3,2,5,5,0,5,4,1,0,3,2,0,3,0,1,1,0,1.0,0.6,0,0,0,5,50,0.0,0.0,0.0,0.0,0.0,0.0,0.0,0.0
Basra,2020-04-01,1,0,0.0,0,0,0,1,0,1,1,0,1,0,0,0,0,0,0,0,1,0.0,0.0,0,0,0,5,51,0.0,0.0,0.0,0.0,0.0,0.0,0.0,0.0
Basra,2020-05-01,3,1,1.0,0,0,0,2,0,3,1,2,1,2,0,0,0,0,0,0,2,0.0,0.0,0,0,0,5,52,0.0,0.0,0.0,0.0,0.0,0.0,0.0,0.0
Basra,2020-06-01,0,0,,0,0,0,0,0,0,0,0,0,0,0,0,0,0,0,0,0,,,0,0,0,5,53,0.0,0.0,0.0,0.0,0.0,0.0,0.0,0.0
Basra,2020-07-01,2,0,0.0,0,1,1,2,0,2,2,0,1,1,0,0,1,0,0,1,0,0.5,0.0,0,0,0,5,54,0.0,0.0,0.0,0.0,0.0,0.0,0.0,0.0
Basra,2020-08-01,5,0,0.0,5,4,9,5,0,5,4,1,1,1,3,0,4,1,0,0,0,1.8,1.0,0,0,0,5,55,0.0,0.0,0.0,0.0,0.0,0.0,0.0,0.0
Basra,2020-09-01,0,0,,0,0,0,0,0,0,0,0,0,0,0,0,0,0,0,0,0,,,0,0,0,5,56,0.0,0.0,0.0,0.0,0.0,0.0,0.0,0.0
Basra,2020-10-01,1,0,0.0,0,0,0,1,0,1,1,0,1,0,0,0,0,1,0,0,0,0.0,0.0,0,0,0,5,57,0.0,0.0,0.0,0.0,0.0,0.0,0.0,0.0
Basra,2020-11-01,0,0,,0,0,0,0,0,0,0,0,0,0,0,0,0,0,0,0,0,,,0,0,0,5,58,0.0,0.0,0.0,0.0,0.0,0.0,0.0,0.0
Basra,2020-12-01,0,0,,0,0,0,0,0,0,0,0,0,0,0,0,0,0,0,0,0,,,0,0,0,5,59,0.0,0.0,0.0,0.0,0.0,0.0,0.0,0.0
Dhi Qar,2016-01-01,1,0,0.0,0,0,0,1,0,1,1,0,1,0,0,0,0,0,0,1,0,0.0,0.0,0,0,0,6,0,0.0,0.0,,,,,,
Dhi Qar,2016-02-01,0,0,,0,0,0,0,0,0,0,0,0,0,0,0,0,0,0,0,0,,,0,0,0,6,1,0.0,0.0,0.0,,,,,
Dhi Qar,2016-03-01,0,0,,0,0,0,0,0,0,0,0,0,0,0,0,0,0,0,0,0,,,0,0,0,6,2,0.0,0.0,0.0,0.0,,,,
Dhi Qar,2016-04-01,2,1,1.0,15,27,42,2,2,0,1,1,2,0,0,0,0,0,0,0,1,21.0,7.5,0,0,0,6,3,0.0,0.0,0.0,0.0,0.0,,,
Dhi Qar,2016-05-01,0,0,,0,0,0,0,0,0,0,0,0,0,0,0,0,0,0,0,0,,,0,0,0,6,4,0.0,0.0,0.0,0.0,0.0,0.0,,
Dhi Qar,2016-06-01,1,0,0.0,0,0,0,1,0,1,0,1,0,0,1,0,0,0,0,1,0,0.0,0.0,0,0,0,6,5,0.0,0.0,0.0,0.0,0.0,0.0,0.0,
Dhi Qar,2016-07-01,1,1,1.0,3,0,3,1,0,1,1,0,0,0,0,1,1,0,0,0,0,3.0,3.0,0,0,0,6,6,0.0,0.0,0.0,0.0,0.0,0.0,0.0,0.0
Dhi Qar,2016-08-01,1,0,0.0,0,1,1,1,0,1,1,0,1,0,0,0,1,0,0,0,0,1.0,0.0,0,0,0,6,7,0.0,0.0,0.0,0.0,0.0,0.0,0.0,0.0
Dhi Qar,2016-09-01,0,0,,0,0,0,0,0,0,0,0,0,0,0,0,0,0,0,0,0,,,0,0,0,6,8,0.0,0.0,0.0,0.0,0.0,0.0,0.0,0.0
Dhi Qar,2016-10-01,0,0,,0,0,0,0,0,0,0,0,0,0,0,0,0,0,0,0,0,,,0,0,0,6,9,0.0,0.0,0.0,0.0,0.0,0.0,0.0,0.0
Dhi Qar,2016-11-01,0,0,,0,0,0,0,0,0,0,0,0,0,0,0,0,0,0,0,0,,,0,0,0,6,10,0.0,0.0,0.0,0.0,0.0,0.0,0.0,0.0
Dhi Qar,2016-12-01,0,0,,0,0,0,0,0,0,0,0,0,0,0,0,0,0,0,0,0,,,0,0,0,6,11,0.0,0.0,0.0,0.0,0.0,0.0,0.0,0.0
Dhi Qar,2017-01-01,0,0,,0,0,0,0,0,0,0,0,0,0,0,0,0,0,0,0,0,,,0,0,0,6,12,0.0,0.0,0.0,0.0,0.0,0.0,0.0,0.0
Dhi Qar,2017-02-01,0,0,,0,0,0,0,0,0,0,0,0,0,0,0,0,0,0,0,0,,,0,0,0,6,13,0.0,0.0,0.0,0.0,0.0,0.0,0.0,0.0
Dhi Qar,2017-03-01,0,0,,0,0,0,0,0,0,0,0,0,0,0,0,0,0,0,0,0,,,0,0,0,6,14,0.0,0.0,0.0,0.0,0.0,0.0,0.0,0.0
Dhi Qar,2017-04-01,0,0,,0,0,0,0,0,0,0,0,0,0,0,0,0,0,0,0,0,,,0,0,0,6,15,0.0,0.0,0.0,0.0,0.0,0.0,0.0,0.0
Dhi Qar,2017-05-01,0,0,,0,0,0,0,0,0,0,0,0,0,0,0,0,0,0,0,0,,,0,0,0,6,16,0.0,0.0,0.0,0.0,0.0,0.0,0.0,0.0
Dhi Qar,2017-06-01,0,0,,0,0,0,0,0,0,0,0,0,0,0,0,0,0,0,0,0,,,0,0,0,6,17,0.0,0.0,0.0,0.0,0.0,0.0,0.0,0.0
Dhi Qar,2017-07-01,1,0,0.0,0,0,0,1,0,1,1,0,1,0,0,0,0,1,0,0,0,0.0,0.0,0,0,0,6,18,0.0,0.0,0.0,0.0,0.0,0.0,0.0,0.0
Dhi Qar,2017-08-01,2,0,0.0,0,0,0,2,0,2,1,1,1,1,0,0,0,0,1,0,1,0.0,0.0,0,0,0,6,19,0.0,0.0,0.0,0.0,0.0,0.0,0.0,0.0
Dhi Qar,2017-09-01,2,2,2.0,90,93,183,2,2,0,2,0,2,0,0,0,0,1,0,0,1,91.5,45.0,0,0,0,6,20,0.0,0.0,0.0,0.0,0.0,0.0,0.0,0.0
Dhi Qar,2017-10-01,2,0,0.0,0,1,1,2,0,2,2,0,2,0,0,0,1,0,0,0,0,0.5,0.0,0,0,0,6,21,0.0,0.0,0.0,0.0,0.0,0.0,0.0,0.0
Dhi Qar,2017-11-01,1,0,0.0,0,0,0,1,0,1,1,0,1,0,0,0,0,0,0,1,0,0.0,0.0,0,0,0,6,22,0.0,0.0,0.0,0.0,0.0,0.0,0.0,0.0
Dhi Qar,2017-12-01,0,0,,0,0,0,0,0,0,0,0,0,0,0,0,0,0,0,0,0,,,0,0,0,6,23,0.0,0.0,0.0,0.0,0.0,0.0,0.0,0.0
Dhi Qar,2018-01-01,0,0,,0,0,0,0,0,0,0,0,0,0,0,0,0,0,0,0,0,,,0,0,0,6,24,0.0,0.0,0.0,0.0,0.0,0.0,0.0,0.0
Dhi Qar,2018-02-01,1,0,0.0,0,0,0,1,0,1,0,1,0,0,1,0,1,0,0,0,0,0.0,0.0,0,0,0,6,25,0.0,0.0,0.0,0.0,0.0,0.0,0.0,0.0
Dhi Qar,2018-03-01,1,0,0.0,0,1,1,1,0,1,1,0,1,0,0,0,1,0,0,0,0,1.0,0.0,0,0,0,6,26,0.0,0.0,0.0,0.0,0.0,0.0,0.0,0.0
Dhi Qar,2018-04-01,0,0,,0,0,0,0,0,0,0,0,0,0,0,0,0,0,0,0,0,,,0,0,0,6,27,0.0,0.0,0.0,0.0,0.0,0.0,0.0,0.0
Dhi Qar,2018-05-01,2,0,0.0,3,1,4,2,0,2,2,0,1,1,0,0,0,0,1,0,0,2.0,1.5,0,0,0,6,28,0.0,0.0,0.0,0.0,0.0,0.0,0.0,0.0
Dhi Qar,2018-06-01,0,0,,0,0,0,0,0,0,0,0,0,0,0,0,0,0,0,0,0,,,0,0,0,6,29,0.0,0.0,0.0,0.0,0.0,0.0,0.0,0.0
Dhi Qar,2018-07-01,0,0,,0,0,0,0,0,0,0,0,0,0,0,0,0,0,0,0,0,,,0,0,0,6,30,0.0,0.0,0.0,0.0,0.0,0.0,0.0,0.0
Dhi Qar,2018-08-01,1,0,0.0,1,0,1,1,0,1,1,0,0,0,1,0,1,0,0,0,0,1.0,1.0,0,0,0,6,31,0.0,0.0,0.0,0.0,0.0,0.0,0.0,0.0
Dhi Qar,2018-09-01,0,0,,0,0,0,0,0,0,0,0,0,0,0,0,0,0,0,0,0,,,0,0,0,6,32,0.0,0.0,0.0,0.0,0.0,0.0,0.0,0.0
Dhi Qar,2018-10-01,0,0,,0,0,0,0,0,0,0,0,0,0,0,0,0,0,0,0,0,,,0,0,0,6,33,0.0,0.0,0.0,0.0,0.0,0.0,0.0,0.0
Dhi Qar,2018-11-01,0,0,,0,0,0,0,0,0,0,0,0,0,0,0,0,0,0,0,0,,,0,0,0,6,34,0.0,0.0,0.0,0.0,0.0,0.0,0.0,0.0
Dhi Qar,2018-12-01,1,0,0.0,0,0,0,1,0,1,0,1,0,0,0,0,0,0,0,0,0,0.0,0.0,0,0,0,6,35,0.0,0.0,0.0,0.0,0.0,0.0,0.0,0.0
Dhi Qar,2019-01-01,0,0,,0,0,0,0,0,0,0,0,0,0,0,0,0,0,0,0,0,,,0,0,0,6,36,0.0,0.0,0.0,0.0,0.0,0.0,0.0,0.0
Dhi Qar,2019-02-01,0,0,,0,0,0,0,0,0,0,0,0,0,0,0,0,0,0,0,0,,,0,0,0,6,37,0.0,0.0,0.0,0.0,0.0,0.0,0.0,0.0
Dhi Qar,2019-03-01,0,0,,0,0,0,0,0,0,0,0,0,0,0,0,0,0,0,0,0,,,0,0,0,6,38,0.0,0.0,0.0,0.0,0.0,0.0,0.0,0.0
Dhi Qar,2019-04-01,0,0,,0,0,0,0,0,0,0,0,0,0,0,0,0,0,0,0,0,,,0,0,0,6,39,0.0,0.0,0.0,0.0,0.0,0.0,0.0,0.0
Dhi Qar,2019-05-01,0,0,,0,0,0,0,0,0,0,0,0,0,0,0,0,0,0,0,0,,,0,0,0,6,40,0.0,0.0,0.0,0.0,0.0,0.0,0.0,0.0
Dhi Qar,2019-06-01,0,0,,0,0,0,0,0,0,0,0,0,0,0,0,0,0,0,0,0,,,0,0,0,6,41,0.0,0.0,0.0,0.0,0.0,0.0,0.0,0.0
Dhi Qar,2019-07-01,0,0,,0,0,0,0,0,0,0,0,0,0,0,0,0,0,0,0,0,,,0,0,0,6,42,0.0,0.0,0.0,0.0,0.0,0.0,0.0,0.0
Dhi Qar,2019-08-01,0,0,,0,0,0,0,0,0,0,0,0,0,0,0,0,0,0,0,0,,,0,0,0,6,43,0.0,0.0,0.0,0.0,0.0,0.0,0.0,0.0
Dhi Qar,2019-09-01,0,0,,0,0,0,0,0,0,0,0,0,0,0,0,0,0,0,0,0,,,0,0,0,6,44,0.0,0.0,0.0,0.0,0.0,0.0,0.0,0.0
Dhi Qar,2019-10-01,0,0,,0,0,0,0,0,0,0,0,0,0,0,0,0,0,0,0,0,,,0,0,0,6,45,0.0,0.0,0.0,0.0,0.0,0.0,0.0,0.0
Dhi Qar,2019-11-01,1,0,0.0,0,18,18,1,0,1,1,0,1,0,0,0,1,0,0,0,0,18.0,0.0,0,0,0,6,46,0.0,0.0,0.0,0.0,0.0,0.0,0.0,0.0
Dhi Qar,2019-12-01,2,0,0.0,2,0,2,2,0,2,2,0,0,2,0,0,2,0,0,0,0,1.0,1.0,0,0,0,6,47,0.0,0.0,0.0,0.0,0.0,0.0,0.0,0.0
Dhi Qar,2020-01-01,8,0,0.0,3,85,88,8,0,8,8,0,5,3,0,0,4,1,0,1,0,11.0,0.375,0,0,0,6,48,0.0,0.0,0.0,0.0,0.0,0.0,0.0,0.0
Dhi Qar,2020-02-01,7,0,0.0,0,5,5,7,0,7,5,2,4,2,1,0,4,0,0,2,1,0.7142857142857143,0.0,0,0,0,6,49,0.0,0.0,0.0,0.0,0.0,0.0,0.0,0.0
Dhi Qar,2020-03-01,1,0,0.0,0,0,0,1,0,1,1,0,1,0,0,0,1,0,0,0,0,0.0,0.0,0,0,0,6,50,0.0,0.0,0.0,0.0,0.0,0.0,0.0,0.0
Dhi Qar,2020-04-01,1,0,0.0,1,2,3,1,0,1,1,0,0,0,1,0,1,0,0,0,0,3.0,1.0,0,0,0,6,51,0.0,0.0,0.0,0.0,0.0,0.0,0.0,0.0
Dhi Qar,2020-05-01,1,0,0.0,1,0,1,1,0,1,1,0,0,1,0,0,1,0,0,0,0,1.0,1.0,0,0,0,6,52,0.0,0.0,0.0,0.0,0.0,0.0,0.0,0.0
Dhi Qar,2020-06-01,1,0,0.0,0,0,0,1,0,1,0,1,0,0,1,0,0,0,0,0,1,0.0,0.0,0,0,0,6,53,0.0,0.0,0.0,0.0,0.0,0.0,0.0,0.0
Dhi Qar,2020-07-01,1,0,0.0,0,0,0,1,0,1,1,0,1,0,0,0,0,1,0,0,0,0.0,0.0,0,0,0,6,54,0.0,0.0,0.0,0.0,0.0,0.0,0.0,0.0
Dhi Qar,2020-08-01,6,0,0.0,0,18,18,6,0,6,6,0,4,0,0,0,2,2,0,0,0,3.0,0.0,0,0,0,6,55,0.0,0.0,0.0,0.0,0.0,0.0,0.0,0.0
Dhi Qar,2020-09-01,3,0,0.0,0,1,0,1,0,3,3,0,2,0,0,1,1,2,0,0,0,0.0,0.0,0,0,0,6,56,0.0,0.0,0.0,0.0,0.0,0.0,0.0,0.0
Dhi Qar,2020-10-01,0,0,,0,0,0,0,0,0,0,0,0,0,0,0,0,0,0,0,0,,,0,0,0,6,57,0.0,0.0,0.0,0.0,0.0,0.0,0.0,0.0
Dhi Qar,2020-11-01,1,0,0.0,4,70,74,1,0,1,1,0,0,1,0,0,1,0,0,0,0,74.0,4.0,0,0,0,6,58,0.0,0.0,0.0,0.0,0.0,0.0,0.0,0.0
Dhi Qar,2020-12-01,9,0,0.0,0,1,1,9,0,9,9,0,9,0,0,0,7,2,0,0,0,0.1111111111111111,0.0,0,0,0,6,59,0.0,0.0,0.0,0.0,0.0,0.0,0.0,0.0
Dihok,2016-01-01,0,0,,0,0,0,0,0,0,0,0,0,0,0,0,0,0,0,0,0,,,0,0,8,7,0,0.0,2.1972245773362196,,,,,,
Dihok,2016-02-01,0,0,,0,0,0,0,0,0,0,0,0,0,0,0,0,0,0,0,0,,,0,0,22,7,1,0.0,3.1354942159291497,0.0,,,,,
Dihok,2016-03-01,0,0,,0,0,0,0,0,0,0,0,0,0,0,0,0,0,0,0,0,,,0,0,14,7,2,0.0,2.70805020110221,0.0,0.0,,,,
Dihok,2016-04-01,0,0,,0,0,0,0,0,0,0,0,0,0,0,0,0,0,0,0,0,,,0,0,17,7,3,0.0,2.8903717578961645,0.0,0.0,0.0,,,
Dihok,2016-05-01,1,0,0.0,1,0,1,1,0,1,1,0,0,0,0,0,0,1,0,0,0,1.0,1.0,0,0,35,7,4,0.0,3.58351893845611,0.0,0.0,0.0,0.0,,
Dihok,2016-06-01,0,0,,0,0,0,0,0,0,0,0,0,0,0,0,0,0,0,0,0,,,0,0,21,7,5,0.0,3.091042453358316,0.0,0.0,0.0,0.0,0.0,
Dihok,2016-07-01,0,0,,0,0,0,0,0,0,0,0,0,0,0,0,0,0,0,0,0,,,0,0,9,7,6,0.0,2.302585092994046,0.0,0.0,0.0,0.0,0.0,0.0
Dihok,2016-08-01,1,0,0.0,1,0,1,1,0,1,1,0,0,0,1,0,0,0,0,0,0,1.0,1.0,0,0,4,7,7,0.0,1.6094379124341003,0.0,0.0,0.0,0.0,0.0,0.0
Dihok,2016-09-01,0,0,,0,0,0,0,0,0,0,0,0,0,0,0,0,0,0,0,0,,,0,0,13,7,8,0.0,2.6390573296152584,0.0,0.0,0.0,0.0,0.0,0.0
Dihok,2016-10-01,1,1,1.0,2,2,4,1,0,1,1,0,1,0,0,0,0,1,0,0,0,4.0,2.0,0,0,9,7,9,0.0,2.302585092994046,0.0,0.0,0.0,0.0,0.0,0.0
Dihok,2016-11-01,0,0,,0,0,0,0,0,0,0,0,0,0,0,0,0,0,0,0,0,,,0,0,12,7,10,0.0,2.5649493574615367,0.0,0.0,0.0,0.0,0.0,0.0
Dihok,2016-12-01,0,0,,0,0,0,0,0,0,0,0,0,0,0,0,0,0,0,0,0,,,0,0,3,7,11,0.0,1.3862943611198906,0.0,0.0,0.0,0.0,0.0,0.0
Dihok,2017-01-01,0,0,,0,0,0,0,0,0,0,0,0,0,0,0,0,0,0,0,0,,,0,0,16,7,12,0.0,2.833213344056216,0.0,0.0,0.0,0.0,0.0,0.0
Dihok,2017-02-01,0,0,,0,0,0,0,0,0,0,0,0,0,0,0,0,0,0,0,0,,,0,0,8,7,13,0.0,2.1972245773362196,0.0,0.0,0.0,0.0,0.0,0.0
Dihok,2017-03-01,1,0,0.0,1,0,1,1,0,1,1,0,0,1,0,0,0,1,0,0,0,1.0,1.0,0,0,11,7,14,0.0,2.4849066497880004,0.0,0.0,0.0,0.0,0.0,0.0
Dihok,2017-04-01,0,0,,0,0,0,0,0,0,0,0,0,0,0,0,0,0,0,0,0,,,0,0,15,7,15,0.0,2.772588722239781,0.0,0.0,0.0,0.0,0.0,0.0
Dihok,2017-05-01,0,0,,0,0,0,0,0,0,0,0,0,0,0,0,0,0,0,0,0,,,0,0,14,7,16,0.0,2.70805020110221,0.0,0.0,0.0,0.0,0.0,0.0
Dihok,2017-06-01,0,0,,0,0,0,0,0,0,0,0,0,0,0,0,0,0,0,0,0,,,0,0,12,7,17,0.0,2.5649493574615367,0.0,0.0,0.0,0.0,0.0,0.0
Dihok,2017-07-01,0,0,,0,0,0,0,0,0,0,0,0,0,0,0,0,0,0,0,0,,,0,0,16,7,18,0.0,2.833213344056216,0.0,0.0,0.0,0.0,0.0,0.0
Dihok,2017-08-01,1,0,0.0,0,2,2,1,0,1,1,0,1,0,0,0,0,1,0,0,0,2.0,0.0,0,0,7,7,19,0.0,2.0794415416798357,0.0,0.0,0.0,0.0,0.0,0.0
Dihok,2017-09-01,0,0,,0,0,0,0,0,0,0,0,0,0,0,0,0,0,0,0,0,,,0,0,22,7,20,0.0,3.1354942159291497,0.0,0.0,0.0,0.0,0.0,0.0
Dihok,2017-10-01,2,0,0.0,0,0,0,2,0,2,2,0,0,0,0,0,1,0,0,0,0,0.0,0.0,0,0,12,7,21,0.0,2.5649493574615367,0.0,0.0,0.0,0.0,0.0,0.0
Dihok,2017-11-01,2,0,0.0,1,2,3,2,0,2,1,1,1,1,0,0,0,1,0,0,0,1.5,0.5,0,0,17,7,22,0.0,2.8903717578961645,0.0,0.0,0.0,0.0,0.0,0.0
Dihok,2017-12-01,1,0,0.0,0,1,1,1,0,1,1,0,1,0,0,0,0,0,0,1,0,1.0,0.0,0,0,12,7,23,0.0,2.5649493574615367,0.0,0.0,0.0,0.0,0.0,0.0
Dihok,2018-01-01,0,0,,0,0,0,0,0,0,0,0,0,0,0,0,0,0,0,0,0,,,0,0,5,7,24,0.0,1.791759469228055,0.0,0.0,0.0,0.0,0.0,0.0
Dihok,2018-02-01,1,0,0.0,0,0,0,1,0,1,0,1,0,0,0,0,0,1,0,0,0,0.0,0.0,0,0,11,7,25,0.0,2.4849066497880004,0.0,0.0,0.0,0.0,0.0,0.0
Dihok,2018-03-01,1,0,0.0,1,0,1,1,0,1,1,0,0,1,0,0,1,0,0,0,0,1.0,1.0,0,0,22,7,26,0.0,3.1354942159291497,0.0,0.0,0.0,0.0,0.0,0.0
Dihok,2018-04-01,0,0,,0,0,0,0,0,0,0,0,0,0,0,0,0,0,0,0,0,,,0,0,9,7,27,0.0,2.302585092994046,0.0,0.0,0.0,0.0,0.0,0.0
Dihok,2018-05-01,0,0,,0,0,0,0,0,0,0,0,0,0,0,0,0,0,0,0,0,,,0,0,7,7,28,0.0,2.0794415416798357,0.0,0.0,0.0,0.0,0.0,0.0
Dihok,2018-06-01,0,0,,0,0,0,0,0,0,0,0,0,0,0,0,0,0,0,0,0,,,0,0,22,7,29,0.0,3.1354942159291497,0.0,0.0,0.0,0.0,0.0,0.0
Dihok,2018-07-01,0,0,,0,0,0,0,0,0,0,0,0,0,0,0,0,0,0,0,0,,,0,0,28,7,30,0.0,3.367295829986474,0.0,0.0,0.0,0.0,0.0,0.0
Dihok,2018-08-01,0,0,,0,0,0,0,0,0,0,0,0,0,0,0,0,0,0,0,0,,,0,0,15,7,31,0.0,2.772588722239781,0.0,0.0,0.0,0.0,0.0,0.0
Dihok,2018-09-01,0,0,,0,0,0,0,0,0,0,0,0,0,0,0,0,0,0,0,0,,,0,0,35,7,32,0.0,3.58351893845611,0.0,0.0,0.0,0.0,0.0,0.0
Dihok,2018-10-01,0,0,,0,0,0,0,0,0,0,0,0,0,0,0,0,0,0,0,0,,,0,0,43,7,33,0.0,3.784189633918261,0.0,0.0,0.0,0.0,0.0,0.0
Dihok,2018-11-01,0,0,,0,0,0,0,0,0,0,0,0,0,0,0,0,0,0,0,0,,,0,0,37,7,34,0.0,3.6375861597263857,0.0,0.0,0.0,0.0,0.0,0.0
Dihok,2018-12-01,0,0,,0,0,0,0,0,0,0,0,0,0,0,0,0,0,0,0,0,,,0,0,25,7,35,0.0,3.258096538021482,0.0,0.0,0.0,0.0,0.0,0.0
Dihok,2019-01-01,1,0,0.0,0,0,0,0,0,1,1,0,0,0,0,1,1,0,0,0,0,,,0,0,32,7,36,0.0,3.4965075614664802,0.0,0.0,0.0,0.0,0.0,0.0
Dihok,2019-02-01,0,0,,0,0,0,0,0,0,0,0,0,0,0,0,0,0,0,0,0,,,0,0,20,7,37,0.0,3.044522437723423,0.0,0.0,0.0,0.0,0.0,0.0
Dihok,2019-03-01,0,0,,0,0,0,0,0,0,0,0,0,0,0,0,0,0,0,0,0,,,0,0,36,7,38,0.0,3.6109179126442243,0.0,0.0,0.0,0.0,0.0,0.0
Dihok,2019-04-01,0,0,,0,0,0,0,0,0,0,0,0,0,0,0,0,0,0,0,0,,,0,0,43,7,39,0.0,3.784189633918261,0.0,0.0,0.0,0.0,0.0,0.0
Dihok,2019-05-01,1,0,0.0,0,2,2,1,0,1,1,0,1,0,0,0,1,0,0,0,0,2.0,0.0,0,0,38,7,40,0.0,3.6635616461296463,0.0,0.0,0.0,0.0,0.0,0.0
Dihok,2019-06-01,0,0,,0,0,0,0,0,0,0,0,0,0,0,0,0,0,0,0,0,,,0,0,36,7,41,0.0,3.6109179126442243,0.0,0.0,0.0,0.0,0.0,0.0
Dihok,2019-07-01,0,0,,0,0,0,0,0,0,0,0,0,0,0,0,0,0,0,0,0,,,0,0,48,7,42,0.0,3.8918202981106265,0.0,0.0,0.0,0.0,0.0,0.0
Dihok,2019-08-01,0,0,,0,0,0,0,0,0,0,0,0,0,0,0,0,0,0,0,0,,,0,0,51,7,43,0.0,3.9512437185814275,0.0,0.0,0.0,0.0,0.0,0.0
Dihok,2019-09-01,0,0,,0,0,0,0,0,0,0,0,0,0,0,0,0,0,0,0,0,,,0,0,40,7,44,0.0,3.713572066704308,0.0,0.0,0.0,0.0,0.0,0.0
Dihok,2019-10-01,0,0,,0,0,0,0,0,0,0,0,0,0,0,0,0,0,0,0,0,,,0,0,49,7,45,0.0,3.912023005428146,0.0,0.0,0.0,0.0,0.0,0.0
Dihok,2019-11-01,0,0,,0,0,0,0,0,0,0,0,0,0,0,0,0,0,0,0,0,,,0,0,38,7,46,0.0,3.6635616461296463,0.0,0.0,0.0,0.0,0.0,0.0
Dihok,2019-12-01,0,0,,0,0,0,0,0,0,0,0,0,0,0,0,0,0,0,0,0,,,0,0,14,7,47,0.0,2.70805020110221,0.0,0.0,0.0,0.0,0.0,0.0
Dihok,2020-01-01,0,0,,0,0,0,0,0,0,0,0,0,0,0,0,0,0,0,0,0,,,0,0,12,7,48,0.0,2.5649493574615367,0.0,0.0,0.0,0.0,0.0,0.0
Dihok,2020-02-01,0,0,,0,0,0,0,0,0,0,0,0,0,0,0,0,0,0,0,0,,,0,0,25,7,49,0.0,3.258096538021482,0.0,0.0,0.0,0.0,0.0,0.0
Dihok,2020-03-01,1,0,0.0,2,2,4,1,0,1,1,0,1,0,0,0,0,1,0,0,0,4.0,2.0,0,0,21,7,50,0.0,3.091042453358316,0.0,0.0,0.0,0.0,0.0,0.0
Dihok,2020-04-01,2,0,0.0,2,3,5,2,0,2,2,0,1,0,0,0,0,2,0,0,0,2.5,1.0,0,0,26,7,51,0.0,3.295836866004329,0.0,0.0,0.0,0.0,0.0,0.0
Dihok,2020-05-01,0,0,,0,0,0,0,0,0,0,0,0,0,0,0,0,0,0,0,0,,,0,0,45,7,52,0.0,3.828641396489095,0.0,0.0,0.0,0.0,0.0,0.0
Dihok,2020-06-01,0,0,,0,0,0,0,0,0,0,0,0,0,0,0,0,0,0,0,0,,,0,0,93,7,53,0.0,4.543294782270004,0.0,0.0,0.0,0.0,0.0,0.0
Dihok,2020-07-01,0,0,,0,0,0,0,0,0,0,0,0,0,0,0,0,0,0,0,0,,,0,0,80,7,54,0.0,4.394449154672439,0.0,0.0,0.0,0.0,0.0,0.0
Dihok,2020-08-01,0,0,,0,0,0,0,0,0,0,0,0,0,0,0,0,0,0,0,0,,,0,0,92,7,55,0.0,4.532599493153256,0.0,0.0,0.0,0.0,0.0,0.0
Dihok,2020-09-01,1,0,0.0,2,1,3,1,0,1,1,0,1,0,0,0,0,1,0,0,0,3.0,2.0,0,0,62,7,56,0.0,4.143134726391533,0.0,0.0,0.0,0.0,0.0,0.0
Dihok,2020-10-01,1,0,0.0,1,0,1,1,0,1,1,0,0,0,1,0,0,0,1,0,0,1.0,1.0,0,0,57,7,57,0.0,4.060443010546419,0.0,0.0,0.0,0.0,0.0,0.0
Dihok,2020-11-01,3,0,0.0,1,4,5,3,0,3,2,1,1,0,0,0,0,2,1,0,0,1.6666666666666667,0.3333333333333333,0,0,33,7,58,0.0,3.5263605246161616,0.0,0.0,0.0,0.0,0.0,0.0
Dihok,2020-12-01,1,0,0.0,1,3,4,1,0,1,1,0,0,1,0,0,0,1,0,0,0,4.0,1.0,0,0,74,7,59,0.0,4.31748811353631,0.0,0.0,0.0,0.0,0.0,0.0
Diyala,2016-01-01,81,8,8.0,69,175,244,81,4,77,80,1,33,3,1,0,30,0,2,0,38,3.0123456790123457,0.8518518518518519,0,0,0,8,0,0.0,0.0,,,,,,
Diyala,2016-02-01,26,1,1.0,67,190,257,26,1,25,25,1,23,2,1,0,10,2,1,1,9,9.884615384615385,2.576923076923077,0,0,0,8,1,0.0,0.0,0.0,,,,,
Diyala,2016-03-01,34,4,3.0,44,134,178,34,0,34,31,3,30,2,2,0,12,3,3,0,8,5.235294117647059,1.2941176470588236,0,0,0,8,2,0.0,0.0,0.0,0.0,,,,
Diyala,2016-04-01,27,4,4.0,63,194,255,26,2,25,26,1,25,2,0,0,17,1,1,0,4,9.807692307692308,2.423076923076923,0,0,0,8,3,0.0,0.0,0.0,0.0,0.0,,,
Diyala,2016-05-01,32,5,5.0,62,202,264,31,2,30,32,0,27,2,0,1,13,2,0,1,10,8.516129032258064,2.0,0,0,0,8,4,0.0,0.0,0.0,0.0,0.0,0.0,,
Diyala,2016-06-01,23,6,6.0,34,83,117,22,1,22,23,0,20,3,0,0,10,2,0,1,3,5.318181818181818,1.5454545454545454,0,0,0,8,5,0.0,0.0,0.0,0.0,0.0,0.0,0.0,
Diyala,2016-07-01,32,3,3.0,53,146,199,32,9,23,22,10,28,1,3,0,14,1,2,0,2,6.21875,1.65625,0,0,0,8,6,0.0,0.0,0.0,0.0,0.0,0.0,0.0,0.0
Diyala,2016-08-01,20,0,0.0,34,109,143,20,1,19,19,1,20,0,0,0,13,0,1,0,4,7.15,1.7,0,0,0,8,7,0.0,0.0,0.0,0.0,0.0,0.0,0.0,0.0
Diyala,2016-09-01,16,0,0.0,22,84,106,16,0,16,16,0,15,0,1,0,8,1,1,1,4,6.625,1.375,0,0,0,8,8,0.0,0.0,0.0,0.0,0.0,0.0,0.0,0.0
Diyala,2016-10-01,22,3,3.0,46,118,164,22,3,19,21,1,21,1,0,0,13,1,2,1,2,7.454545454545454,2.090909090909091,0,0,0,8,9,0.0,0.0,0.0,0.0,0.0,0.0,0.0,0.0
Diyala,2016-11-01,21,1,1.0,22,101,123,21,0,21,19,2,21,0,0,0,13,0,1,0,3,5.857142857142857,1.0476190476190477,0,0,0,8,10,0.0,0.0,0.0,0.0,0.0,0.0,0.0,0.0
Diyala,2016-12-01,10,3,2.0,10,18,28,10,1,9,7,3,9,0,0,0,5,1,2,0,0,2.8,1.0,0,0,0,8,11,0.0,0.0,0.0,0.0,0.0,0.0,0.0,0.0
Diyala,2017-01-01,25,10,9.0,46,83,127,21,3,22,23,2,17,6,0,1,7,6,2,1,4,6.0476190476190474,2.1904761904761907,0,0,0,8,12,0.0,0.0,0.0,0.0,0.0,0.0,0.0,0.0
Diyala,2017-02-01,29,10,8.0,22,65,87,29,3,26,23,6,23,1,2,0,12,7,4,1,2,3.0,0.7586206896551724,0,0,0,8,13,0.0,0.0,0.0,0.0,0.0,0.0,0.0,0.0
Diyala,2017-03-01,24,7,4.0,17,48,65,23,1,23,18,6,14,3,2,1,12,5,2,1,2,2.8260869565217392,0.7391304347826086,0,0,0,8,14,0.0,0.0,0.0,0.0,0.0,0.0,0.0,0.0
Diyala,2017-04-01,33,19,15.0,18,34,52,31,1,32,25,8,25,3,0,1,11,7,4,0,3,1.6774193548387097,0.5806451612903226,0,0,0,8,15,0.0,0.0,0.0,0.0,0.0,0.0,0.0,0.0
Diyala,2017-05-01,45,23,14.0,41,55,96,44,3,42,28,17,33,2,2,0,12,16,1,1,3,2.1818181818181817,0.9318181818181818,0,0,0,8,16,0.0,0.0,0.0,0.0,0.0,0.0,0.0,0.0
Diyala,2017-06-01,58,26,16.0,39,62,100,53,6,52,34,24,42,5,1,5,18,13,4,2,6,1.8867924528301887,0.7358490566037735,0,0,0,8,17,0.0,0.0,0.0,0.0,0.0,0.0,0.0,0.0
Diyala,2017-07-01,34,20,17.0,23,50,72,31,1,33,29,5,24,4,0,3,13,8,6,1,3,2.3225806451612905,0.7419354838709677,0,0,0,8,18,0.0,0.0,0.0,0.0,0.0,0.0,0.0,0.0
Diyala,2017-08-01,29,10,10.0,24,32,56,28,0,29,29,0,22,3,1,2,13,5,2,1,1,2.0,0.8571428571428571,0,0,0,8,19,0.0,0.0,0.0,0.0,0.0,0.0,0.0,0.0
Diyala,2017-09-01,23,8,7.0,20,43,63,23,3,20,21,2,22,0,0,0,9,5,1,1,3,2.739130434782609,0.8695652173913043,0,0,0,8,20,0.0,0.0,0.0,0.0,0.0,0.0,0.0,0.0
Diyala,2017-10-01,27,18,17.0,12,31,43,14,2,25,25,2,12,0,0,13,22,1,0,0,3,3.0714285714285716,0.8571428571428571,2,9,0,8,21,1.0986122886681098,0.0,0.0,0.0,0.0,0.0,0.0,0.0
Diyala,2017-11-01,26,12,9.0,25,52,76,25,1,25,23,3,18,3,1,2,14,2,3,3,3,3.04,1.0,0,0,0,8,22,0.0,0.0,1.0986122886681098,0.0,0.0,0.0,0.0,0.0
Diyala,2017-12-01,20,7,5.0,27,19,46,20,0,20,16,4,12,2,1,3,8,4,1,2,0,2.3,1.35,0,0,0,8,23,0.0,0.0,0.0,1.0986122886681098,0.0,0.0,0.0,0.0
Diyala,2018-01-01,39,13,10.0,24,51,75,36,1,38,34,5,30,3,2,3,12,6,3,4,7,2.0833333333333335,0.6666666666666666,1,0,0,8,24,0.6931471805599453,0.0,0.0,0.0,1.0986122886681098,0.0,0.0,0.0
Diyala,2018-02-01,18,8,6.0,19,23,42,17,0,18,16,2,10,5,2,0,6,3,1,3,4,2.4705882352941178,1.1176470588235294,1,0,0,8,25,0.6931471805599453,0.0,0.6931471805599453,0.0,0.0,1.0986122886681098,0.0,0.0
Diyala,2018-03-01,31,14,12.0,25,19,44,30,0,31,27,4,17,3,3,4,12,6,1,6,0,1.4666666666666666,0.8333333333333334,0,0,0,8,26,0.0,0.0,0.6931471805599453,0.6931471805599453,0.0,0.0,1.0986122886681098,0.0
Diyala,2018-04-01,21,8,7.0,7,28,35,20,0,21,20,1,16,1,2,0,9,4,3,1,3,1.75,0.35,1,3,0,8,27,0.6931471805599453,0.0,0.0,0.6931471805599453,0.6931471805599453,0.0,0.0,1.0986122886681098
Diyala,2018-05-01,26,19,16.0,28,45,73,24,2,24,21,5,16,3,2,1,13,3,5,2,1,3.0416666666666665,1.1666666666666667,0,0,0,8,28,0.0,0.0,0.6931471805599453,0.0,0.6931471805599453,0.6931471805599453,0.0,0.0
Diyala,2018-06-01,26,18,16.0,20,54,71,25,0,26,22,4,13,4,0,1,7,9,5,2,1,2.84,0.8,1,3,0,8,29,0.6931471805599453,0.0,0.0,0.6931471805599453,0.0,0.6931471805599453,0.6931471805599453,0.0
Diyala,2018-07-01,28,9,9.0,20,13,32,27,1,27,22,6,17,3,2,3,10,5,3,3,1,1.1851851851851851,0.7407407407407407,1,8,0,8,30,0.6931471805599453,0.0,0.6931471805599453,0.0,0.6931471805599453,0.0,0.6931471805599453,0.6931471805599453
Diyala,2018-08-01,23,17,16.0,8,20,28,22,0,23,22,1,16,4,0,1,12,7,4,0,0,1.2727272727272727,0.36363636363636365,1,0,0,8,31,0.6931471805599453,0.0,0.6931471805599453,0.6931471805599453,0.0,0.6931471805599453,0.0,0.6931471805599453
Diyala,2018-09-01,19,9,9.0,12,31,43,19,1,18,18,1,15,3,0,1,11,3,0,2,1,2.263157894736842,0.631578947368421,0,0,0,8,32,0.0,0.0,0.6931471805599453,0.6931471805599453,0.6931471805599453,0.0,0.6931471805599453,0.0
Diyala,2018-10-01,21,15,11.0,6,23,29,21,1,20,14,7,16,0,1,1,8,6,3,0,0,1.380952380952381,0.2857142857142857,0,0,0,8,33,0.0,0.0,0.0,0.6931471805599453,0.6931471805599453,0.6931471805599453,0.0,0.6931471805599453
Diyala,2018-11-01,15,8,8.0,15,17,32,15,0,15,15,0,11,3,1,0,3,4,3,2,1,2.1333333333333333,1.0,1,0,0,8,34,0.6931471805599453,0.0,0.0,0.0,0.6931471805599453,0.6931471805599453,0.6931471805599453,0.0
Diyala,2018-12-01,9,8,8.0,9,6,13,7,0,9,9,0,6,2,0,0,1,2,3,0,0,1.8571428571428572,1.2857142857142858,3,16,0,8,35,1.3862943611198906,0.0,0.6931471805599453,0.0,0.0,0.6931471805599453,0.6931471805599453,0.6931471805599453
Diyala,2019-01-01,9,9,8.0,6,8,14,8,0,9,8,1,0,5,0,1,2,2,5,0,0,1.75,0.75,0,0,0,8,36,0.0,0.0,1.3862943611198906,0.6931471805599453,0.0,0.0,0.6931471805599453,0.6931471805599453
Diyala,2019-02-01,12,11,8.0,7,10,16,11,1,11,9,3,6,3,0,1,7,1,4,0,0,1.4545454545454546,0.6363636363636364,0,0,0,8,37,0.0,0.0,0.0,1.3862943611198906,0.6931471805599453,0.0,0.0,0.6931471805599453
Diyala,2019-03-01,9,5,3.0,10,15,25,9,2,7,6,3,8,1,0,0,4,1,1,1,0,2.7777777777777777,1.1111111111111112,0,0,0,8,38,0.0,0.0,0.0,0.0,1.3862943611198906,0.6931471805599453,0.0,0.0
Diyala,2019-04-01,17,9,9.0,10,21,31,17,0,17,16,1,8,7,0,0,5,8,3,0,1,1.8235294117647058,0.5882352941176471,0,0,0,8,39,0.0,0.0,0.0,0.0,0.0,1.3862943611198906,0.6931471805599453,0.0
Diyala,2019-05-01,21,15,12.0,19,46,64,19,0,21,15,6,10,4,3,1,9,5,2,2,0,3.3684210526315788,1.0,0,0,0,8,40,0.0,0.0,0.0,0.0,0.0,0.0,1.3862943611198906,0.6931471805599453
Diyala,2019-06-01,16,8,7.0,14,18,32,16,2,14,13,3,9,5,0,0,7,4,0,1,1,2.0,0.875,0,0,0,8,41,0.0,0.0,0.0,0.0,0.0,0.0,0.0,1.3862943611198906
Diyala,2019-07-01,18,12,12.0,10,31,41,18,0,18,18,0,13,4,0,0,8,5,2,1,1,2.2777777777777777,0.5555555555555556,0,0,0,8,42,0.0,0.0,0.0,0.0,0.0,0.0,0.0,0.0
Diyala,2019-08-01,14,8,6.0,11,17,28,14,1,13,12,2,10,3,0,0,5,6,2,0,1,2.0,0.7857142857142857,0,0,0,8,43,0.0,0.0,0.0,0.0,0.0,0.0,0.0,0.0
Diyala,2019-09-01,14,7,6.0,9,18,27,14,0,14,12,2,9,2,0,0,6,6,1,1,0,1.9285714285714286,0.6428571428571429,0,0,0,8,44,0.0,0.0,0.0,0.0,0.0,0.0,0.0,0.0
Diyala,2019-10-01,10,9,8.0,15,13,28,10,0,10,9,1,3,1,4,0,2,3,0,4,1,2.8,1.5,0,0,0,8,45,0.0,0.0,0.0,0.0,0.0,0.0,0.0,0.0
Diyala,2019-11-01,4,4,4.0,9,3,12,4,0,4,4,0,0,1,0,1,0,2,2,0,0,3.0,2.25,0,0,0,8,46,0.0,0.0,0.0,0.0,0.0,0.0,0.0,0.0
Diyala,2019-12-01,17,13,13.0,26,28,54,17,0,17,17,0,4,6,1,0,3,13,0,0,0,3.176470588235294,1.5294117647058822,2,11,0,8,47,1.0986122886681098,0.0,0.0,0.0,0.0,0.0,0.0,0.0
Diyala,2020-01-01,10,5,5.0,8,7,14,8,0,10,10,0,4,2,0,2,4,1,3,1,0,1.75,1.0,0,0,0,8,48,0.0,0.0,1.0986122886681098,0.0,0.0,0.0,0.0,0.0
Diyala,2020-02-01,11,6,6.0,9,25,34,11,0,11,11,0,4,3,0,0,2,5,2,0,2,3.090909090909091,0.8181818181818182,0,0,0,8,49,0.0,0.0,0.0,1.0986122886681098,0.0,0.0,0.0,0.0
Diyala,2020-03-01,14,7,7.0,10,11,20,11,0,14,14,0,6,2,1,0,3,11,0,0,0,1.8181818181818181,0.9090909090909091,0,0,0,8,50,0.0,0.0,0.0,0.0,1.0986122886681098,0.0,0.0,0.0
Diyala,2020-04-01,27,21,20.0,10,41,51,27,0,27,26,1,18,7,0,0,6,10,6,0,0,1.8888888888888888,0.37037037037037035,0,0,0,8,51,0.0,0.0,0.0,0.0,0.0,1.0986122886681098,0.0,0.0
Diyala,2020-05-01,35,31,31.0,25,44,69,35,0,35,35,0,12,9,1,1,13,12,4,1,0,1.9714285714285715,0.7142857142857143,0,0,0,8,52,0.0,0.0,0.0,0.0,0.0,0.0,1.0986122886681098,0.0
Diyala,2020-06-01,7,4,3.0,15,9,24,7,0,7,6,1,3,1,0,1,5,1,1,0,0,3.4285714285714284,2.142857142857143,0,0,0,8,53,0.0,0.0,0.0,0.0,0.0,0.0,0.0,1.0986122886681098
Diyala,2020-07-01,10,3,2.0,11,23,34,9,0,10,9,1,8,0,0,0,3,6,0,0,0,3.7777777777777777,1.2222222222222223,0,0,0,8,54,0.0,0.0,0.0,0.0,0.0,0.0,0.0,0.0
Diyala,2020-08-01,15,13,11.0,10,15,23,12,0,15,13,2,4,3,0,3,6,8,0,0,0,1.9166666666666667,0.8333333333333334,0,0,0,8,55,0.0,0.0,0.0,0.0,0.0,0.0,0.0,0.0
Diyala,2020-09-01,11,5,4.0,4,7,11,9,0,11,9,2,5,1,1,0,4,4,3,0,0,1.2222222222222223,0.4444444444444444,0,0,0,8,56,0.0,0.0,0.0,0.0,0.0,0.0,0.0,0.0
Diyala,2020-10-01,18,9,9.0,12,14,26,18,0,18,18,0,10,5,1,0,10,8,0,0,0,1.4444444444444444,0.6666666666666666,2,0,0,8,57,1.0986122886681098,0.0,0.0,0.0,0.0,0.0,0.0,0.0
Diyala,2020-11-01,14,7,7.0,6,18,24,14,0,14,14,0,7,5,0,0,4,3,3,1,0,1.7142857142857142,0.42857142857142855,0,0,0,8,58,0.0,0.0,1.0986122886681098,0.0,0.0,0.0,0.0,0.0
Diyala,2020-12-01,12,8,5.0,5,18,23,10,0,12,9,3,3,4,1,0,7,2,2,0,1,2.3,0.5,2,4,0,8,59,1.0986122886681098,0.0,0.0,1.0986122886681098,0.0,0.0,0.0,0.0
Karbala,2016-01-01,0,0,,0,0,0,0,0,0,0,0,0,0,0,0,0,0,0,0,0,,,0,0,0,9,0,0.0,0.0,,,,,,
Karbala,2016-02-01,1,0,0.0,0,0,0,1,0,1,0,1,0,0,1,0,0,0,0,1,0,0.0,0.0,0,0,0,9,1,0.0,0.0,0.0,,,,,
Karbala,2016-03-01,0,0,,0,0,0,0,0,0,0,0,0,0,0,0,0,0,0,0,0,,,0,0,0,9,2,0.0,0.0,0.0,0.0,,,,
Karbala,2016-04-01,0,0,,0,0,0,0,0,0,0,0,0,0,0,0,0,0,0,0,0,,,0,0,0,9,3,0.0,0.0,0.0,0.0,0.0,,,
Karbala,2016-05-01,0,0,,0,0,0,0,0,0,0,0,0,0,0,0,0,0,0,0,0,,,0,0,0,9,4,0.0,0.0,0.0,0.0,0.0,0.0,,
Karbala,2016-06-01,2,2,1.0,24,20,44,2,2,0,1,1,2,0,0,0,1,1,0,0,0,22.0,12.0,0,0,0,9,5,0.0,0.0,0.0,0.0,0.0,0.0,0.0,
Karbala,2016-07-01,0,0,,0,0,0,0,0,0,0,0,0,0,0,0,0,0,0,0,0,,,0,0,0,9,6,0.0,0.0,0.0,0.0,0.0,0.0,0.0,0.0
Karbala,2016-08-01,1,1,1.0,20,16,36,1,1,0,1,0,1,0,0,0,1,0,0,0,0,36.0,20.0,0,0,0,9,7,0.0,0.0,0.0,0.0,0.0,0.0,0.0,0.0
Karbala,2016-09-01,0,0,,0,0,0,0,0,0,0,0,0,0,0,0,0,0,0,0,0,,,1,4,0,9,8,0.6931471805599453,0.0,0.0,0.0,0.0,0.0,0.0,0.0
Karbala,2016-10-01,0,0,,0,0,0,0,0,0,0,0,0,0,0,0,0,0,0,0,0,,,0,0,0,9,9,0.0,0.0,0.6931471805599453,0.0,0.0,0.0,0.0,0.0
Karbala,2016-11-01,1,1,1.0,12,6,18,1,1,0,1,0,1,0,0,0,0,0,0,0,0,18.0,12.0,0,0,0,9,10,0.0,0.0,0.0,0.6931471805599453,0.0,0.0,0.0,0.0
Karbala,2016-12-01,0,0,,0,0,0,0,0,0,0,0,0,0,0,0,0,0,0,0,0,,,0,0,0,9,11,0.0,0.0,0.0,0.0,0.6931471805599453,0.0,0.0,0.0
Karbala,2017-01-01,0,0,,0,0,0,0,0,0,0,0,0,0,0,0,0,0,0,0,0,,,0,0,0,9,12,0.0,0.0,0.0,0.0,0.0,0.6931471805599453,0.0,0.0
Karbala,2017-02-01,2,0,0.0,1,0,1,2,1,1,0,2,2,0,0,0,0,0,0,0,0,0.5,0.5,0,0,0,9,13,0.0,0.0,0.0,0.0,0.0,0.0,0.6931471805599453,0.0
Karbala,2017-03-01,0,0,,0,0,0,0,0,0,0,0,0,0,0,0,0,0,0,0,0,,,0,0,0,9,14,0.0,0.0,0.0,0.0,0.0,0.0,0.0,0.6931471805599453
Karbala,2017-04-01,0,0,,0,0,0,0,0,0,0,0,0,0,0,0,0,0,0,0,0,,,0,0,0,9,15,0.0,0.0,0.0,0.0,0.0,0.0,0.0,0.0
Karbala,2017-05-01,1,1,0.0,0,0,0,1,0,1,0,1,0,0,0,0,1,0,0,0,0,0.0,0.0,0,0,0,9,16,0.0,0.0,0.0,0.0,0.0,0.0,0.0,0.0
Karbala,2017-06-01,1,1,1.0,1,4,5,1,1,0,1,0,1,0,0,0,0,0,0,0,0,5.0,1.0,0,0,0,9,17,0.0,0.0,0.0,0.0,0.0,0.0,0.0,0.0
Karbala,2017-07-01,0,0,,0,0,0,0,0,0,0,0,0,0,0,0,0,0,0,0,0,,,0,0,0,9,18,0.0,0.0,0.0,0.0,0.0,0.0,0.0,0.0
Karbala,2017-08-01,1,0,0.0,1,0,1,1,0,1,1,0,1,0,0,0,0,0,0,0,1,1.0,1.0,0,0,0,9,19,0.0,0.0,0.0,0.0,0.0,0.0,0.0,0.0
Karbala,2017-09-01,0,0,,0,0,0,0,0,0,0,0,0,0,0,0,0,0,0,0,0,,,0,0,0,9,20,0.0,0.0,0.0,0.0,0.0,0.0,0.0,0.0
Karbala,2017-10-01,0,0,,0,0,0,0,0,0,0,0,0,0,0,0,0,0,0,0,0,,,0,0,0,9,21,0.0,0.0,0.0,0.0,0.0,0.0,0.0,0.0
Karbala,2017-11-01,0,0,,0,0,0,0,0,0,0,0,0,0,0,0,0,0,0,0,0,,,0,0,0,9,22,0.0,0.0,0.0,0.0,0.0,0.0,0.0,0.0
Karbala,2017-12-01,0,0,,0,0,0,0,0,0,0,0,0,0,0,0,0,0,0,0,0,,,0,0,0,9,23,0.0,0.0,0.0,0.0,0.0,0.0,0.0,0.0
Karbala,2018-01-01,1,0,0.0,0,0,0,1,0,1,0,1,0,0,1,0,0,0,0,0,0,0.0,0.0,0,0,0,9,24,0.0,0.0,0.0,0.0,0.0,0.0,0.0,0.0
Karbala,2018-02-01,0,0,,0,0,0,0,0,0,0,0,0,0,0,0,0,0,0,0,0,,,0,0,0,9,25,0.0,0.0,0.0,0.0,0.0,0.0,0.0,0.0
Karbala,2018-03-01,0,0,,0,0,0,0,0,0,0,0,0,0,0,0,0,0,0,0,0,,,0,0,0,9,26,0.0,0.0,0.0,0.0,0.0,0.0,0.0,0.0
Karbala,2018-04-01,0,0,,0,0,0,0,0,0,0,0,0,0,0,0,0,0,0,0,0,,,0,0,0,9,27,0.0,0.0,0.0,0.0,0.0,0.0,0.0,0.0
Karbala,2018-05-01,0,0,,0,0,0,0,0,0,0,0,0,0,0,0,0,0,0,0,0,,,0,0,0,9,28,0.0,0.0,0.0,0.0,0.0,0.0,0.0,0.0
Karbala,2018-06-01,1,0,0.0,0,2,2,1,0,1,1,0,1,0,0,0,0,0,0,1,0,2.0,0.0,0,0,0,9,29,0.0,0.0,0.0,0.0,0.0,0.0,0.0,0.0
Karbala,2018-07-01,0,0,,0,0,0,0,0,0,0,0,0,0,0,0,0,0,0,0,0,,,0,0,0,9,30,0.0,0.0,0.0,0.0,0.0,0.0,0.0,0.0
Karbala,2018-08-01,1,0,0.0,0,0,0,1,0,1,1,0,1,0,0,0,0,0,0,1,0,0.0,0.0,0,0,0,9,31,0.0,0.0,0.0,0.0,0.0,0.0,0.0,0.0
Karbala,2018-09-01,0,0,,0,0,0,0,0,0,0,0,0,0,0,0,0,0,0,0,0,,,0,0,0,9,32,0.0,0.0,0.0,0.0,0.0,0.0,0.0,0.0
Karbala,2018-10-01,0,0,,0,0,0,0,0,0,0,0,0,0,0,0,0,0,0,0,0,,,0,0,0,9,33,0.0,0.0,0.0,0.0,0.0,0.0,0.0,0.0
Karbala,2018-11-01,1,0,0.0,1,0,1,1,0,1,1,0,0,1,0,0,0,1,0,0,0,1.0,1.0,0,0,0,9,34,0.0,0.0,0.0,0.0,0.0,0.0,0.0,0.0
Karbala,2018-12-01,0,0,,0,0,0,0,0,0,0,0,0,0,0,0,0,0,0,0,0,,,0,0,0,9,35,0.0,0.0,0.0,0.0,0.0,0.0,0.0,0.0
Karbala,2019-01-01,0,0,,0,0,0,0,0,0,0,0,0,0,0,0,0,0,0,0,0,,,0,0,0,9,36,0.0,0.0,0.0,0.0,0.0,0.0,0.0,0.0
Karbala,2019-02-01,1,0,0.0,1,0,1,1,0,1,1,0,0,0,1,0,1,0,0,0,0,1.0,1.0,0,0,0,9,37,0.0,0.0,0.0,0.0,0.0,0.0,0.0,0.0
Karbala,2019-03-01,0,0,,0,0,0,0,0,0,0,0,0,0,0,0,0,0,0,0,0,,,0,0,0,9,38,0.0,0.0,0.0,0.0,0.0,0.0,0.0,0.0
Karbala,2019-04-01,0,0,,0,0,0,0,0,0,0,0,0,0,0,0,0,0,0,0,0,,,0,0,0,9,39,0.0,0.0,0.0,0.0,0.0,0.0,0.0,0.0
Karbala,2019-05-01,0,0,,0,0,0,0,0,0,0,0,0,0,0,0,0,0,0,0,0,,,0,0,0,9,40,0.0,0.0,0.0,0.0,0.0,0.0,0.0,0.0
Karbala,2019-06-01,0,0,,0,0,0,0,0,0,0,0,0,0,0,0,0,0,0,0,0,,,0,0,0,9,41,0.0,0.0,0.0,0.0,0.0,0.0,0.0,0.0
Karbala,2019-07-01,1,1,1.0,1,3,4,1,0,1,1,0,1,0,0,0,0,0,0,0,0,4.0,1.0,0,0,0,9,42,0.0,0.0,0.0,0.0,0.0,0.0,0.0,0.0
Karbala,2019-08-01,0,0,,0,0,0,0,0,0,0,0,0,0,0,0,0,0,0,0,0,,,0,0,0,9,43,0.0,0.0,0.0,0.0,0.0,0.0,0.0,0.0
Karbala,2019-09-01,1,1,1.0,12,5,17,1,0,1,1,0,1,0,0,0,0,1,0,0,0,17.0,12.0,0,0,0,9,44,0.0,0.0,0.0,0.0,0.0,0.0,0.0,0.0
Karbala,2019-10-01,1,0,0.0,18,0,0,0,0,1,1,0,0,1,0,0,1,0,0,0,0,,inf,0,0,0,9,45,0.0,0.0,0.0,0.0,0.0,0.0,0.0,0.0
Karbala,2019-11-01,1,0,0.0,1,0,1,1,0,1,1,0,0,1,0,0,1,0,0,0,0,1.0,1.0,0,0,0,9,46,0.0,0.0,0.0,0.0,0.0,0.0,0.0,0.0
Karbala,2019-12-01,3,0,0.0,2,1,3,3,0,3,3,0,0,0,2,1,2,0,0,1,0,1.0,0.6666666666666666,0,0,0,9,47,0.0,0.0,0.0,0.0,0.0,0.0,0.0,0.0
Karbala,2020-01-01,1,0,0.0,1,0,1,1,0,1,1,0,0,0,1,0,0,1,0,0,0,1.0,1.0,0,0,0,9,48,0.0,0.0,0.0,0.0,0.0,0.0,0.0,0.0
Karbala,2020-02-01,0,0,,0,0,0,0,0,0,0,0,0,0,0,0,0,0,0,0,0,,,0,0,0,9,49,0.0,0.0,0.0,0.0,0.0,0.0,0.0,0.0
Karbala,2020-03-01,0,0,,0,0,0,0,0,0,0,0,0,0,0,0,0,0,0,0,0,,,0,0,0,9,50,0.0,0.0,0.0,0.0,0.0,0.0,0.0,0.0
Karbala,2020-04-01,0,0,,0,0,0,0,0,0,0,0,0,0,0,0,0,0,0,0,0,,,0,0,0,9,51,0.0,0.0,0.0,0.0,0.0,0.0,0.0,0.0
Karbala,2020-05-01,0,0,,0,0,0,0,0,0,0,0,0,0,0,0,0,0,0,0,0,,,0,0,0,9,52,0.0,0.0,0.0,0.0,0.0,0.0,0.0,0.0
Karbala,2020-06-01,0,0,,0,0,0,0,0,0,0,0,0,0,0,0,0,0,0,0,0,,,0,0,0,9,53,0.0,0.0,0.0,0.0,0.0,0.0,0.0,0.0
Karbala,2020-07-01,0,0,,0,0,0,0,0,0,0,0,0,0,0,0,0,0,0,0,0,,,0,0,0,9,54,0.0,0.0,0.0,0.0,0.0,0.0,0.0,0.0
Karbala,2020-08-01,0,0,,0,0,0,0,0,0,0,0,0,0,0,0,0,0,0,0,0,,,0,0,0,9,55,0.0,0.0,0.0,0.0,0.0,0.0,0.0,0.0
Karbala,2020-09-01,0,0,,0,0,0,0,0,0,0,0,0,0,0,0,0,0,0,0,0,,,0,0,0,9,56,0.0,0.0,0.0,0.0,0.0,0.0,0.0,0.0
Karbala,2020-10-01,0,0,,0,0,0,0,0,0,0,0,0,0,0,0,0,0,0,0,0,,,0,0,0,9,57,0.0,0.0,0.0,0.0,0.0,0.0,0.0,0.0
Karbala,2020-11-01,0,0,,0,0,0,0,0,0,0,0,0,0,0,0,0,0,0,0,0,,,0,0,0,9,58,0.0,0.0,0.0,0.0,0.0,0.0,0.0,0.0
Karbala,2020-12-01,0,0,,0,0,0,0,0,0,0,0,0,0,0,0,0,0,0,0,0,,,0,0,0,9,59,0.0,0.0,0.0,0.0,0.0,0.0,0.0,0.0
Kirkuk,2016-01-01,9,6,4.0,10,3,13,6,0,9,7,2,2,0,0,3,2,1,0,0,0,2.1666666666666665,1.6666666666666667,16,103,0,10,0,2.833213344056216,0.0,,,,,,
Kirkuk,2016-02-01,18,12,12.0,70,47,117,18,0,18,18,0,8,4,0,1,11,1,2,1,1,6.5,3.888888888888889,18,106,0,10,1,2.9444389791664403,0.0,2.833213344056216,,,,,
Kirkuk,2016-03-01,17,11,9.0,31,1523,1551,14,2,15,15,2,10,4,0,1,8,5,1,0,2,110.78571428571429,2.2142857142857144,15,19,0,10,2,2.772588722239781,0.0,2.9444389791664403,2.833213344056216,,,,
Kirkuk,2016-04-01,17,13,12.0,55,43,98,15,3,14,15,2,11,3,0,2,6,5,1,2,0,6.533333333333333,3.6666666666666665,22,35,0,10,3,3.1354942159291497,0.0,2.772588722239781,2.9444389791664403,2.833213344056216,,,
Kirkuk,2016-05-01,27,16,14.0,24,69,93,26,1,26,23,4,20,2,0,2,11,2,2,1,1,3.576923076923077,0.9230769230769231,24,19,0,10,4,3.2188758248682006,0.0,3.1354942159291497,2.772588722239781,2.9444389791664403,2.833213344056216,,
Kirkuk,2016-06-01,9,5,5.0,7,7,14,9,0,9,9,0,7,0,1,0,5,0,0,1,0,1.5555555555555556,0.7777777777777778,11,0,0,10,5,2.4849066497880004,0.0,3.2188758248682006,3.1354942159291497,2.772588722239781,2.9444389791664403,2.833213344056216,
Kirkuk,2016-07-01,18,15,14.0,25,6,31,14,1,17,17,1,6,3,0,4,11,1,0,2,1,2.2142857142857144,1.7857142857142858,7,22,0,10,6,2.0794415416798357,0.0,2.4849066497880004,3.2188758248682006,3.1354942159291497,2.772588722239781,2.9444389791664403,2.833213344056216
Kirkuk,2016-08-01,19,12,10.0,146,41,70,16,2,17,15,4,11,2,1,2,7,4,1,0,2,4.375,9.125,7,21,0,10,7,2.0794415416798357,0.0,2.0794415416798357,2.4849066497880004,3.2188758248682006,3.1354942159291497,2.772588722239781,2.9444389791664403
Kirkuk,2016-09-01,16,7,7.0,22,66,56,12,0,16,16,0,10,1,1,4,11,2,0,1,0,4.666666666666667,1.8333333333333333,13,47,0,10,8,2.6390573296152584,0.0,2.0794415416798357,2.0794415416798357,2.4849066497880004,3.2188758248682006,3.1354942159291497,2.772588722239781
Kirkuk,2016-10-01,23,16,11.0,147,118,252,16,7,16,18,5,14,2,0,2,12,1,0,2,0,15.75,9.1875,11,7,0,10,9,2.4849066497880004,0.0,2.6390573296152584,2.0794415416798357,2.0794415416798357,2.4849066497880004,3.2188758248682006,3.1354942159291497
Kirkuk,2016-11-01,19,9,8.0,65,62,127,17,1,18,18,1,12,3,1,3,14,3,1,1,0,7.470588235294118,3.823529411764706,26,89,0,10,10,3.295836866004329,0.0,2.4849066497880004,2.6390573296152584,2.0794415416798357,2.0794415416798357,2.4849066497880004,3.2188758248682006
Kirkuk,2016-12-01,17,14,14.0,67,16,83,11,0,17,17,0,4,0,1,8,9,6,0,0,0,7.545454545454546,6.090909090909091,26,43,0,10,11,3.295836866004329,0.0,3.295836866004329,2.4849066497880004,2.6390573296152584,2.0794415416798357,2.0794415416798357,2.4849066497880004
Kirkuk,2017-01-01,6,6,6.0,20,7,27,6,0,6,6,0,1,0,0,3,5,0,1,0,0,4.5,3.3333333333333335,4,18,0,10,12,1.6094379124341003,0.0,3.295836866004329,3.295836866004329,2.4849066497880004,2.6390573296152584,2.0794415416798357,2.0794415416798357
Kirkuk,2017-02-01,15,12,12.0,24,11,35,12,0,15,15,0,6,3,1,3,9,4,1,0,0,2.9166666666666665,2.0,4,53,0,10,13,1.6094379124341003,0.0,1.6094379124341003,3.295836866004329,3.295836866004329,2.4849066497880004,2.6390573296152584,2.0794415416798357
Kirkuk,2017-03-01,15,9,7.0,46,23,69,14,0,15,12,3,7,1,1,3,7,0,4,0,1,4.928571428571429,3.2857142857142856,1,7,0,10,14,0.6931471805599453,0.0,1.6094379124341003,1.6094379124341003,3.295836866004329,3.295836866004329,2.4849066497880004,2.6390573296152584
Kirkuk,2017-04-01,7,4,3.0,45,7,52,7,0,7,6,1,4,0,0,2,3,2,0,0,1,7.428571428571429,6.428571428571429,1,7,0,10,15,0.6931471805599453,0.0,0.6931471805599453,1.6094379124341003,1.6094379124341003,3.295836866004329,3.295836866004329,2.4849066497880004
Kirkuk,2017-05-01,8,4,3.0,19,6,25,8,2,6,5,3,4,1,1,2,3,3,0,1,0,3.125,2.375,4,15,0,10,16,1.6094379124341003,0.0,0.6931471805599453,0.6931471805599453,1.6094379124341003,1.6094379124341003,3.295836866004329,3.295836866004329
Kirkuk,2017-06-01,16,8,6.0,43,9,52,14,0,16,10,6,7,1,0,3,8,3,0,0,0,3.7142857142857144,3.0714285714285716,11,5,0,10,17,2.4849066497880004,0.0,1.6094379124341003,0.6931471805599453,0.6931471805599453,1.6094379124341003,1.6094379124341003,3.295836866004329
Kirkuk,2017-07-01,10,9,8.0,27,13,36,8,0,10,8,2,6,0,1,2,4,4,1,1,0,4.5,3.375,6,0,0,10,18,1.9459101490553132,0.0,2.4849066497880004,1.6094379124341003,0.6931471805599453,0.6931471805599453,1.6094379124341003,1.6094379124341003
Kirkuk,2017-08-01,12,9,7.0,32,24,56,10,1,11,9,3,5,4,1,1,3,5,1,1,0,5.6,3.2,14,0,0,10,19,2.70805020110221,0.0,1.9459101490553132,2.4849066497880004,1.6094379124341003,0.6931471805599453,0.6931471805599453,1.6094379124341003
Kirkuk,2017-09-01,33,4,4.0,27,18,45,32,1,32,11,22,26,4,0,2,7,2,0,0,1,1.40625,0.84375,25,84,0,10,20,3.258096538021482,0.0,2.70805020110221,1.9459101490553132,2.4849066497880004,1.6094379124341003,0.6931471805599453,0.6931471805599453
Kirkuk,2017-10-01,23,9,8.0,23,15,37,19,2,21,20,3,9,7,2,0,10,5,1,1,0,1.9473684210526316,1.2105263157894737,11,13,0,10,21,2.4849066497880004,0.0,3.258096538021482,2.70805020110221,1.9459101490553132,2.4849066497880004,1.6094379124341003,0.6931471805599453
Kirkuk,2017-11-01,16,7,5.0,18,23,41,15,3,13,11,5,11,4,0,0,4,5,2,1,1,2.7333333333333334,1.2,2,0,0,10,22,1.0986122886681098,0.0,2.4849066497880004,3.258096538021482,2.70805020110221,1.9459101490553132,2.4849066497880004,1.6094379124341003
Kirkuk,2017-12-01,25,11,11.0,51,10,37,21,0,25,24,1,15,2,3,4,5,9,3,3,2,1.7619047619047619,2.4285714285714284,1,0,0,10,23,0.6931471805599453,0.0,1.0986122886681098,2.4849066497880004,3.258096538021482,2.70805020110221,1.9459101490553132,2.4849066497880004
Kirkuk,2018-01-01,19,9,9.0,14,12,26,19,0,19,18,1,7,6,4,0,7,3,1,4,1,1.368421052631579,0.7368421052631579,3,0,1,10,24,1.3862943611198906,0.6931471805599453,0.6931471805599453,1.0986122886681098,2.4849066497880004,3.258096538021482,2.70805020110221,1.9459101490553132
Kirkuk,2018-02-01,19,13,13.0,38,17,28,16,1,18,17,2,8,4,2,1,4,7,3,2,0,1.75,2.375,1,0,0,10,25,0.6931471805599453,0.0,1.3862943611198906,0.6931471805599453,1.0986122886681098,2.4849066497880004,3.258096538021482,2.70805020110221
Kirkuk,2018-03-01,27,18,14.0,33,22,53,26,0,27,21,6,13,3,2,2,9,6,3,2,1,2.0384615384615383,1.2692307692307692,4,4,0,10,26,1.6094379124341003,0.0,0.6931471805599453,1.3862943611198906,0.6931471805599453,1.0986122886681098,2.4849066497880004,3.258096538021482
Kirkuk,2018-04-01,26,19,16.0,47,50,97,25,1,25,18,8,12,7,3,1,17,4,3,0,1,3.88,1.88,2,0,0,10,27,1.0986122886681098,0.0,1.6094379124341003,0.6931471805599453,1.3862943611198906,0.6931471805599453,1.0986122886681098,2.4849066497880004
Kirkuk,2018-05-01,36,23,19.0,49,39,88,32,2,34,30,6,23,2,3,1,10,9,8,5,1,2.75,1.53125,4,5,0,10,28,1.6094379124341003,0.0,1.0986122886681098,1.6094379124341003,0.6931471805599453,1.3862943611198906,0.6931471805599453,1.0986122886681098
Kirkuk,2018-06-01,28,20,18.0,18,45,60,23,0,28,24,4,14,5,0,2,12,5,3,2,2,2.608695652173913,0.782608695652174,3,12,0,10,29,1.3862943611198906,0.0,1.6094379124341003,1.0986122886681098,1.6094379124341003,0.6931471805599453,1.3862943611198906,0.6931471805599453
Kirkuk,2018-07-01,31,11,10.0,21,49,70,31,2,29,29,2,21,2,1,0,6,3,6,2,2,2.2580645161290325,0.6774193548387096,2,0,0,10,30,1.0986122886681098,0.0,1.3862943611198906,1.6094379124341003,1.0986122886681098,1.6094379124341003,0.6931471805599453,1.3862943611198906
Kirkuk,2018-08-01,21,7,7.0,11,14,25,21,1,20,19,2,14,1,0,0,5,1,4,0,0,1.1904761904761905,0.5238095238095238,3,5,0,10,31,1.3862943611198906,0.0,1.0986122886681098,1.3862943611198906,1.6094379124341003,1.0986122886681098,1.6094379124341003,0.6931471805599453
Kirkuk,2018-09-01,18,14,13.0,22,20,42,14,0,18,17,1,9,5,1,1,3,3,6,1,1,3.0,1.5714285714285714,1,2,0,10,32,0.6931471805599453,0.0,1.3862943611198906,1.0986122886681098,1.3862943611198906,1.6094379124341003,1.0986122886681098,1.6094379124341003
Kirkuk,2018-10-01,34,19,17.0,16,41,56,30,1,33,30,4,26,1,3,0,15,3,5,3,0,1.8666666666666667,0.5333333333333333,1,0,0,10,33,0.6931471805599453,0.0,0.6931471805599453,1.3862943611198906,1.0986122886681098,1.3862943611198906,1.6094379124341003,1.0986122886681098
Kirkuk,2018-11-01,10,7,7.0,6,3,9,10,0,10,10,0,2,2,1,3,3,3,2,0,0,0.9,0.6,3,28,0,10,34,1.3862943611198906,0.0,0.6931471805599453,0.6931471805599453,1.3862943611198906,1.0986122886681098,1.3862943611198906,1.6094379124341003
Kirkuk,2018-12-01,8,5,5.0,2,3,5,3,0,8,8,0,0,3,0,4,5,2,0,0,0,1.6666666666666667,0.6666666666666666,1,0,0,10,35,0.6931471805599453,0.0,1.3862943611198906,0.6931471805599453,0.6931471805599453,1.3862943611198906,1.0986122886681098,1.3862943611198906
Kirkuk,2019-01-01,10,6,6.0,9,17,26,9,1,9,10,0,7,3,0,0,4,2,3,0,0,2.888888888888889,1.0,2,3,0,10,36,1.0986122886681098,0.0,0.6931471805599453,1.3862943611198906,0.6931471805599453,0.6931471805599453,1.3862943611198906,1.0986122886681098
Kirkuk,2019-02-01,4,2,2.0,7,2,4,3,0,4,4,0,2,2,0,0,1,1,1,1,0,1.3333333333333333,2.3333333333333335,2,6,0,10,37,1.0986122886681098,0.0,1.0986122886681098,0.6931471805599453,1.3862943611198906,0.6931471805599453,0.6931471805599453,1.3862943611198906
Kirkuk,2019-03-01,5,2,2.0,3,2,5,4,0,5,5,0,3,0,0,0,0,3,1,0,1,1.25,0.75,2,4,0,10,38,1.0986122886681098,0.0,1.0986122886681098,1.0986122886681098,0.6931471805599453,1.3862943611198906,0.6931471805599453,0.6931471805599453
Kirkuk,2019-04-01,5,2,2.0,8,9,17,5,0,5,5,0,3,2,0,0,2,0,3,0,0,3.4,1.6,3,11,0,10,39,1.3862943611198906,0.0,1.0986122886681098,1.0986122886681098,1.0986122886681098,0.6931471805599453,1.3862943611198906,0.6931471805599453
Kirkuk,2019-05-01,15,15,14.0,25,46,71,14,0,15,14,1,8,3,0,0,3,0,4,0,8,5.071428571428571,1.7857142857142858,0,0,0,10,40,0.0,0.0,1.3862943611198906,1.0986122886681098,1.0986122886681098,1.0986122886681098,0.6931471805599453,1.3862943611198906
Kirkuk,2019-06-01,13,7,6.0,18,40,58,12,0,13,12,1,10,1,0,0,3,2,5,0,0,4.833333333333333,1.5,3,14,0,10,41,1.3862943611198906,0.0,0.0,1.3862943611198906,1.0986122886681098,1.0986122886681098,1.0986122886681098,0.6931471805599453
Kirkuk,2019-07-01,4,2,2.0,4,9,13,4,0,4,4,0,3,0,0,1,4,0,0,0,0,3.25,1.0,3,11,0,10,42,1.3862943611198906,0.0,1.3862943611198906,0.0,1.3862943611198906,1.0986122886681098,1.0986122886681098,1.0986122886681098
Kirkuk,2019-08-01,3,3,3.0,9,12,21,3,0,3,3,0,0,2,0,0,0,0,2,0,1,7.0,3.0,0,0,0,10,43,0.0,0.0,1.3862943611198906,1.3862943611198906,0.0,1.3862943611198906,1.0986122886681098,1.0986122886681098
Kirkuk,2019-09-01,5,2,2.0,3,1,4,5,0,5,5,0,4,0,0,1,1,0,3,0,0,0.8,0.6,0,0,0,10,44,0.0,0.0,0.0,1.3862943611198906,1.3862943611198906,0.0,1.3862943611198906,1.0986122886681098
Kirkuk,2019-10-01,3,0,0.0,1,3,4,3,0,3,3,0,3,0,0,0,1,0,1,0,0,1.3333333333333333,0.3333333333333333,0,0,0,10,45,0.0,0.0,0.0,0.0,1.3862943611198906,1.3862943611198906,0.0,1.3862943611198906
Kirkuk,2019-11-01,6,5,5.0,5,17,22,6,0,6,6,0,4,1,0,0,2,1,2,0,0,3.6666666666666665,0.8333333333333334,2,5,0,10,46,1.0986122886681098,0.0,0.0,0.0,0.0,1.3862943611198906,1.3862943611198906,0.0
Kirkuk,2019-12-01,8,4,4.0,7,19,26,8,0,8,8,0,4,1,0,0,1,3,3,0,1,3.25,0.875,0,0,0,10,47,0.0,0.0,1.0986122886681098,0.0,0.0,0.0,1.3862943611198906,1.3862943611198906
Kirkuk,2020-01-01,4,3,3.0,5,3,8,4,0,4,4,0,1,0,0,1,0,4,0,0,0,2.0,1.25,0,0,0,10,48,0.0,0.0,0.0,1.0986122886681098,0.0,0.0,0.0,1.3862943611198906
Kirkuk,2020-02-01,5,4,4.0,7,9,16,5,0,5,5,0,2,2,0,0,2,3,0,0,0,3.2,1.4,1,3,0,10,49,0.6931471805599453,0.0,0.0,0.0,1.0986122886681098,0.0,0.0,0.0
Kirkuk,2020-03-01,3,3,2.0,0,1,1,2,0,3,2,1,1,0,0,0,0,1,2,0,0,0.5,0.0,0,0,0,10,50,0.0,0.0,0.6931471805599453,0.0,0.0,1.0986122886681098,0.0,0.0
Kirkuk,2020-04-01,19,14,11.0,16,25,41,18,1,18,16,3,9,5,1,2,2,6,8,1,1,2.2777777777777777,0.8888888888888888,0,0,0,10,51,0.0,0.0,0.0,0.6931471805599453,0.0,0.0,1.0986122886681098,0.0
Kirkuk,2020-05-01,11,10,9.0,12,9,21,11,0,11,10,1,2,5,0,0,2,5,2,0,1,1.9090909090909092,1.0909090909090908,2,10,0,10,52,1.0986122886681098,0.0,0.0,0.0,0.6931471805599453,0.0,0.0,1.0986122886681098
Kirkuk,2020-06-01,1,0,0.0,0,10,10,1,0,1,1,0,1,0,0,0,0,1,0,0,0,10.0,0.0,3,13,0,10,53,1.3862943611198906,0.0,1.0986122886681098,0.0,0.0,0.6931471805599453,0.0,0.0
Kirkuk,2020-07-01,1,0,0.0,0,1,1,1,0,1,1,0,1,0,0,0,1,0,0,0,0,1.0,0.0,0,0,1,10,54,0.0,0.6931471805599453,1.3862943611198906,1.0986122886681098,0.0,0.0,0.6931471805599453,0.0
Kirkuk,2020-08-01,5,3,3.0,6,12,18,5,0,5,5,0,2,3,0,0,3,1,0,0,0,3.6,1.2,2,8,0,10,55,1.0986122886681098,0.0,0.0,1.3862943611198906,1.0986122886681098,0.0,0.0,0.6931471805599453
Kirkuk,2020-09-01,11,7,5.0,10,6,15,9,1,10,8,3,6,3,0,1,2,2,3,0,1,1.6666666666666667,1.1111111111111112,2,2,0,10,56,1.0986122886681098,0.0,1.0986122886681098,0.0,1.3862943611198906,1.0986122886681098,0.0,0.0
Kirkuk,2020-10-01,9,7,6.0,10,7,17,9,1,8,7,2,3,2,1,0,2,3,2,1,0,1.8888888888888888,1.1111111111111112,0,0,0,10,57,0.0,0.0,1.0986122886681098,1.0986122886681098,0.0,1.3862943611198906,1.0986122886681098,0.0
Kirkuk,2020-11-01,6,5,4.0,4,6,9,4,0,6,5,1,4,1,0,1,1,2,1,0,0,2.25,1.0,0,0,0,10,58,0.0,0.0,0.0,1.0986122886681098,1.0986122886681098,0.0,1.3862943611198906,1.0986122886681098
Kirkuk,2020-12-01,6,6,5.0,3,1,4,6,0,6,5,1,2,3,0,0,1,2,1,0,2,0.6666666666666666,0.5,2,8,0,10,59,1.0986122886681098,0.0,0.0,0.0,1.0986122886681098,1.0986122886681098,0.0,1.3862943611198906
Maysan,2016-01-01,0,0,,0,0,0,0,0,0,0,0,0,0,0,0,0,0,0,0,0,,,0,0,0,11,0,0.0,0.0,,,,,,
Maysan,2016-02-01,0,0,,0,0,0,0,0,0,0,0,0,0,0,0,0,0,0,0,0,,,0,0,0,11,1,0.0,0.0,0.0,,,,,
Maysan,2016-03-01,0,0,,0,0,0,0,0,0,0,0,0,0,0,0,0,0,0,0,0,,,0,0,0,11,2,0.0,0.0,0.0,0.0,,,,
Maysan,2016-04-01,0,0,,0,0,0,0,0,0,0,0,0,0,0,0,0,0,0,0,0,,,0,0,0,11,3,0.0,0.0,0.0,0.0,0.0,,,
Maysan,2016-05-01,0,0,,0,0,0,0,0,0,0,0,0,0,0,0,0,0,0,0,0,,,0,0,0,11,4,0.0,0.0,0.0,0.0,0.0,0.0,,
Maysan,2016-06-01,0,0,,0,0,0,0,0,0,0,0,0,0,0,0,0,0,0,0,0,,,0,0,0,11,5,0.0,0.0,0.0,0.0,0.0,0.0,0.0,
Maysan,2016-07-01,0,0,,0,0,0,0,0,0,0,0,0,0,0,0,0,0,0,0,0,,,0,0,0,11,6,0.0,0.0,0.0,0.0,0.0,0.0,0.0,0.0
Maysan,2016-08-01,0,0,,0,0,0,0,0,0,0,0,0,0,0,0,0,0,0,0,0,,,0,0,0,11,7,0.0,0.0,0.0,0.0,0.0,0.0,0.0,0.0
Maysan,2016-09-01,0,0,,0,0,0,0,0,0,0,0,0,0,0,0,0,0,0,0,0,,,0,0,0,11,8,0.0,0.0,0.0,0.0,0.0,0.0,0.0,0.0
Maysan,2016-10-01,0,0,,0,0,0,0,0,0,0,0,0,0,0,0,0,0,0,0,0,,,0,0,0,11,9,0.0,0.0,0.0,0.0,0.0,0.0,0.0,0.0
Maysan,2016-11-01,0,0,,0,0,0,0,0,0,0,0,0,0,0,0,0,0,0,0,0,,,0,0,0,11,10,0.0,0.0,0.0,0.0,0.0,0.0,0.0,0.0
Maysan,2016-12-01,0,0,,0,0,0,0,0,0,0,0,0,0,0,0,0,0,0,0,0,,,0,0,0,11,11,0.0,0.0,0.0,0.0,0.0,0.0,0.0,0.0
Maysan,2017-01-01,0,0,,0,0,0,0,0,0,0,0,0,0,0,0,0,0,0,0,0,,,0,0,0,11,12,0.0,0.0,0.0,0.0,0.0,0.0,0.0,0.0
Maysan,2017-02-01,0,0,,0,0,0,0,0,0,0,0,0,0,0,0,0,0,0,0,0,,,0,0,0,11,13,0.0,0.0,0.0,0.0,0.0,0.0,0.0,0.0
Maysan,2017-03-01,0,0,,0,0,0,0,0,0,0,0,0,0,0,0,0,0,0,0,0,,,0,0,0,11,14,0.0,0.0,0.0,0.0,0.0,0.0,0.0,0.0
Maysan,2017-04-01,0,0,,0,0,0,0,0,0,0,0,0,0,0,0,0,0,0,0,0,,,0,0,0,11,15,0.0,0.0,0.0,0.0,0.0,0.0,0.0,0.0
Maysan,2017-05-01,0,0,,0,0,0,0,0,0,0,0,0,0,0,0,0,0,0,0,0,,,0,0,0,11,16,0.0,0.0,0.0,0.0,0.0,0.0,0.0,0.0
Maysan,2017-06-01,0,0,,0,0,0,0,0,0,0,0,0,0,0,0,0,0,0,0,0,,,0,0,0,11,17,0.0,0.0,0.0,0.0,0.0,0.0,0.0,0.0
Maysan,2017-07-01,0,0,,0,0,0,0,0,0,0,0,0,0,0,0,0,0,0,0,0,,,0,0,0,11,18,0.0,0.0,0.0,0.0,0.0,0.0,0.0,0.0
Maysan,2017-08-01,0,0,,0,0,0,0,0,0,0,0,0,0,0,0,0,0,0,0,0,,,0,0,0,11,19,0.0,0.0,0.0,0.0,0.0,0.0,0.0,0.0
Maysan,2017-09-01,0,0,,0,0,0,0,0,0,0,0,0,0,0,0,0,0,0,0,0,,,0,0,0,11,20,0.0,0.0,0.0,0.0,0.0,0.0,0.0,0.0
Maysan,2017-10-01,1,0,0.0,0,0,0,0,0,1,1,0,0,0,0,1,0,0,0,1,0,,,0,0,0,11,21,0.0,0.0,0.0,0.0,0.0,0.0,0.0,0.0
Maysan,2017-11-01,0,0,,0,0,0,0,0,0,0,0,0,0,0,0,0,0,0,0,0,,,0,0,0,11,22,0.0,0.0,0.0,0.0,0.0,0.0,0.0,0.0
Maysan,2017-12-01,0,0,,0,0,0,0,0,0,0,0,0,0,0,0,0,0,0,0,0,,,0,0,0,11,23,0.0,0.0,0.0,0.0,0.0,0.0,0.0,0.0
Maysan,2018-01-01,0,0,,0,0,0,0,0,0,0,0,0,0,0,0,0,0,0,0,0,,,0,0,0,11,24,0.0,0.0,0.0,0.0,0.0,0.0,0.0,0.0
Maysan,2018-02-01,0,0,,0,0,0,0,0,0,0,0,0,0,0,0,0,0,0,0,0,,,0,0,0,11,25,0.0,0.0,0.0,0.0,0.0,0.0,0.0,0.0
Maysan,2018-03-01,0,0,,0,0,0,0,0,0,0,0,0,0,0,0,0,0,0,0,0,,,0,0,0,11,26,0.0,0.0,0.0,0.0,0.0,0.0,0.0,0.0
Maysan,2018-04-01,1,0,0.0,0,1,1,1,0,1,0,1,0,0,1,0,0,0,0,1,0,1.0,0.0,0,0,0,11,27,0.0,0.0,0.0,0.0,0.0,0.0,0.0,0.0
Maysan,2018-05-01,2,0,0.0,0,0,0,2,0,2,2,0,2,0,0,0,0,0,0,0,0,0.0,0.0,0,0,0,11,28,0.0,0.0,0.0,0.0,0.0,0.0,0.0,0.0
Maysan,2018-06-01,0,0,,0,0,0,0,0,0,0,0,0,0,0,0,0,0,0,0,0,,,0,0,0,11,29,0.0,0.0,0.0,0.0,0.0,0.0,0.0,0.0
Maysan,2018-07-01,0,0,,0,0,0,0,0,0,0,0,0,0,0,0,0,0,0,0,0,,,0,0,0,11,30,0.0,0.0,0.0,0.0,0.0,0.0,0.0,0.0
Maysan,2018-08-01,0,0,,0,0,0,0,0,0,0,0,0,0,0,0,0,0,0,0,0,,,0,0,0,11,31,0.0,0.0,0.0,0.0,0.0,0.0,0.0,0.0
Maysan,2018-09-01,0,0,,0,0,0,0,0,0,0,0,0,0,0,0,0,0,0,0,0,,,0,0,0,11,32,0.0,0.0,0.0,0.0,0.0,0.0,0.0,0.0
Maysan,2018-10-01,0,0,,0,0,0,0,0,0,0,0,0,0,0,0,0,0,0,0,0,,,0,0,0,11,33,0.0,0.0,0.0,0.0,0.0,0.0,0.0,0.0
Maysan,2018-11-01,1,0,0.0,0,0,0,1,0,1,0,1,0,0,1,0,0,0,1,0,0,0.0,0.0,0,0,0,11,34,0.0,0.0,0.0,0.0,0.0,0.0,0.0,0.0
Maysan,2018-12-01,0,0,,0,0,0,0,0,0,0,0,0,0,0,0,0,0,0,0,0,,,0,0,0,11,35,0.0,0.0,0.0,0.0,0.0,0.0,0.0,0.0
Maysan,2019-01-01,0,0,,0,0,0,0,0,0,0,0,0,0,0,0,0,0,0,0,0,,,0,0,0,11,36,0.0,0.0,0.0,0.0,0.0,0.0,0.0,0.0
Maysan,2019-02-01,0,0,,0,0,0,0,0,0,0,0,0,0,0,0,0,0,0,0,0,,,0,0,0,11,37,0.0,0.0,0.0,0.0,0.0,0.0,0.0,0.0
Maysan,2019-03-01,0,0,,0,0,0,0,0,0,0,0,0,0,0,0,0,0,0,0,0,,,0,0,0,11,38,0.0,0.0,0.0,0.0,0.0,0.0,0.0,0.0
Maysan,2019-04-01,0,0,,0,0,0,0,0,0,0,0,0,0,0,0,0,0,0,0,0,,,0,0,0,11,39,0.0,0.0,0.0,0.0,0.0,0.0,0.0,0.0
Maysan,2019-05-01,0,0,,0,0,0,0,0,0,0,0,0,0,0,0,0,0,0,0,0,,,0,0,0,11,40,0.0,0.0,0.0,0.0,0.0,0.0,0.0,0.0
Maysan,2019-06-01,0,0,,0,0,0,0,0,0,0,0,0,0,0,0,0,0,0,0,0,,,0,0,0,11,41,0.0,0.0,0.0,0.0,0.0,0.0,0.0,0.0
Maysan,2019-07-01,0,0,,0,0,0,0,0,0,0,0,0,0,0,0,0,0,0,0,0,,,0,0,0,11,42,0.0,0.0,0.0,0.0,0.0,0.0,0.0,0.0
Maysan,2019-08-01,0,0,,0,0,0,0,0,0,0,0,0,0,0,0,0,0,0,0,0,,,0,0,0,11,43,0.0,0.0,0.0,0.0,0.0,0.0,0.0,0.0
Maysan,2019-09-01,0,0,,0,0,0,0,0,0,0,0,0,0,0,0,0,0,0,0,0,,,0,0,0,11,44,0.0,0.0,0.0,0.0,0.0,0.0,0.0,0.0
Maysan,2019-10-01,0,0,,0,0,0,0,0,0,0,0,0,0,0,0,0,0,0,0,0,,,0,0,0,11,45,0.0,0.0,0.0,0.0,0.0,0.0,0.0,0.0
Maysan,2019-11-01,1,0,0.0,1,0,1,1,0,1,1,0,0,0,1,0,0,0,0,0,0,1.0,1.0,0,0,0,11,46,0.0,0.0,0.0,0.0,0.0,0.0,0.0,0.0
Maysan,2019-12-01,4,0,0.0,0,4,4,4,0,4,4,0,4,0,0,0,2,1,0,0,0,1.0,0.0,0,0,0,11,47,0.0,0.0,0.0,0.0,0.0,0.0,0.0,0.0
Maysan,2020-01-01,0,0,,0,0,0,0,0,0,0,0,0,0,0,0,0,0,0,0,0,,,0,0,0,11,48,0.0,0.0,0.0,0.0,0.0,0.0,0.0,0.0
Maysan,2020-02-01,3,0,0.0,1,2,3,3,0,3,3,0,1,1,1,0,2,0,0,0,0,1.0,0.3333333333333333,0,0,0,11,49,0.0,0.0,0.0,0.0,0.0,0.0,0.0,0.0
Maysan,2020-03-01,1,0,0.0,2,0,2,1,0,1,1,0,0,0,1,0,1,0,0,0,0,2.0,2.0,0,0,0,11,50,0.0,0.0,0.0,0.0,0.0,0.0,0.0,0.0
Maysan,2020-04-01,0,0,,0,0,0,0,0,0,0,0,0,0,0,0,0,0,0,0,0,,,0,0,0,11,51,0.0,0.0,0.0,0.0,0.0,0.0,0.0,0.0
Maysan,2020-05-01,0,0,,0,0,0,0,0,0,0,0,0,0,0,0,0,0,0,0,0,,,0,0,0,11,52,0.0,0.0,0.0,0.0,0.0,0.0,0.0,0.0
Maysan,2020-06-01,0,0,,0,0,0,0,0,0,0,0,0,0,0,0,0,0,0,0,0,,,0,0,0,11,53,0.0,0.0,0.0,0.0,0.0,0.0,0.0,0.0
Maysan,2020-07-01,0,0,,0,0,0,0,0,0,0,0,0,0,0,0,0,0,0,0,0,,,0,0,0,11,54,0.0,0.0,0.0,0.0,0.0,0.0,0.0,0.0
Maysan,2020-08-01,1,0,0.0,0,0,0,1,0,1,1,0,0,1,0,0,1,0,0,0,0,0.0,0.0,0,0,0,11,55,0.0,0.0,0.0,0.0,0.0,0.0,0.0,0.0
Maysan,2020-09-01,0,0,,0,0,0,0,0,0,0,0,0,0,0,0,0,0,0,0,0,,,0,0,0,11,56,0.0,0.0,0.0,0.0,0.0,0.0,0.0,0.0
Maysan,2020-10-01,1,0,0.0,1,0,1,1,0,1,1,0,0,1,0,0,1,0,0,0,0,1.0,1.0,0,0,0,11,57,0.0,0.0,0.0,0.0,0.0,0.0,0.0,0.0
Maysan,2020-11-01,1,0,0.0,1,0,1,1,0,1,1,0,0,0,1,0,1,0,0,0,0,1.0,1.0,0,0,0,11,58,0.0,0.0,0.0,0.0,0.0,0.0,0.0,0.0
Maysan,2020-12-01,4,0,0.0,2,0,2,4,0,4,3,1,1,2,1,0,1,0,0,0,0,0.5,0.5,0,0,0,11,59,0.0,0.0,0.0,0.0,0.0,0.0,0.0,0.0
Muthanna,2016-01-01,0,0,,0,0,0,0,0,0,0,0,0,0,0,0,0,0,0,0,0,,,0,0,0,12,0,0.0,0.0,,,,,,
Muthanna,2016-02-01,1,0,0.0,0,3,3,1,0,1,1,0,1,0,0,0,1,0,0,0,0,3.0,0.0,0,0,0,12,1,0.0,0.0,0.0,,,,,
Muthanna,2016-03-01,0,0,,0,0,0,0,0,0,0,0,0,0,0,0,0,0,0,0,0,,,0,0,0,12,2,0.0,0.0,0.0,0.0,,,,
Muthanna,2016-04-01,0,0,,0,0,0,0,0,0,0,0,0,0,0,0,0,0,0,0,0,,,0,0,0,12,3,0.0,0.0,0.0,0.0,0.0,,,
Muthanna,2016-05-01,2,2,2.0,35,63,98,2,2,0,2,0,2,0,0,0,0,0,0,1,0,49.0,17.5,0,0,0,12,4,0.0,0.0,0.0,0.0,0.0,0.0,,
Muthanna,2016-06-01,0,0,,0,0,0,0,0,0,0,0,0,0,0,0,0,0,0,0,0,,,0,0,0,12,5,0.0,0.0,0.0,0.0,0.0,0.0,0.0,
Muthanna,2016-07-01,0,0,,0,0,0,0,0,0,0,0,0,0,0,0,0,0,0,0,0,,,0,0,0,12,6,0.0,0.0,0.0,0.0,0.0,0.0,0.0,0.0
Muthanna,2016-08-01,1,1,1.0,3,0,0,0,1,0,1,0,1,0,0,0,0,0,1,0,0,,inf,0,0,0,12,7,0.0,0.0,0.0,0.0,0.0,0.0,0.0,0.0
Muthanna,2016-09-01,0,0,,0,0,0,0,0,0,0,0,0,0,0,0,0,0,0,0,0,,,0,0,0,12,8,0.0,0.0,0.0,0.0,0.0,0.0,0.0,0.0
Muthanna,2016-10-01,0,0,,0,0,0,0,0,0,0,0,0,0,0,0,0,0,0,0,0,,,0,0,0,12,9,0.0,0.0,0.0,0.0,0.0,0.0,0.0,0.0
Muthanna,2016-11-01,0,0,,0,0,0,0,0,0,0,0,0,0,0,0,0,0,0,0,0,,,0,0,0,12,10,0.0,0.0,0.0,0.0,0.0,0.0,0.0,0.0
Muthanna,2016-12-01,0,0,,0,0,0,0,0,0,0,0,0,0,0,0,0,0,0,0,0,,,0,0,0,12,11,0.0,0.0,0.0,0.0,0.0,0.0,0.0,0.0
Muthanna,2017-01-01,0,0,,0,0,0,0,0,0,0,0,0,0,0,0,0,0,0,0,0,,,0,0,0,12,12,0.0,0.0,0.0,0.0,0.0,0.0,0.0,0.0
Muthanna,2017-02-01,0,0,,0,0,0,0,0,0,0,0,0,0,0,0,0,0,0,0,0,,,0,0,0,12,13,0.0,0.0,0.0,0.0,0.0,0.0,0.0,0.0
Muthanna,2017-03-01,0,0,,0,0,0,0,0,0,0,0,0,0,0,0,0,0,0,0,0,,,0,0,0,12,14,0.0,0.0,0.0,0.0,0.0,0.0,0.0,0.0
Muthanna,2017-04-01,0,0,,0,0,0,0,0,0,0,0,0,0,0,0,0,0,0,0,0,,,0,0,0,12,15,0.0,0.0,0.0,0.0,0.0,0.0,0.0,0.0
Muthanna,2017-05-01,1,1,0.0,0,0,0,1,0,1,0,1,1,0,0,0,0,0,0,0,0,0.0,0.0,0,0,0,12,16,0.0,0.0,0.0,0.0,0.0,0.0,0.0,0.0
Muthanna,2017-06-01,0,0,,0,0,0,0,0,0,0,0,0,0,0,0,0,0,0,0,0,,,0,0,0,12,17,0.0,0.0,0.0,0.0,0.0,0.0,0.0,0.0
Muthanna,2017-07-01,1,0,0.0,0,0,0,1,0,1,1,0,1,0,0,0,1,0,0,0,0,0.0,0.0,0,0,0,12,18,0.0,0.0,0.0,0.0,0.0,0.0,0.0,0.0
Muthanna,2017-08-01,0,0,,0,0,0,0,0,0,0,0,0,0,0,0,0,0,0,0,0,,,0,0,0,12,19,0.0,0.0,0.0,0.0,0.0,0.0,0.0,0.0
Muthanna,2017-09-01,0,0,,0,0,0,0,0,0,0,0,0,0,0,0,0,0,0,0,0,,,0,0,0,12,20,0.0,0.0,0.0,0.0,0.0,0.0,0.0,0.0
Muthanna,2017-10-01,0,0,,0,0,0,0,0,0,0,0,0,0,0,0,0,0,0,0,0,,,0,0,0,12,21,0.0,0.0,0.0,0.0,0.0,0.0,0.0,0.0
Muthanna,2017-11-01,0,0,,0,0,0,0,0,0,0,0,0,0,0,0,0,0,0,0,0,,,0,0,0,12,22,0.0,0.0,0.0,0.0,0.0,0.0,0.0,0.0
Muthanna,2017-12-01,0,0,,0,0,0,0,0,0,0,0,0,0,0,0,0,0,0,0,0,,,0,0,0,12,23,0.0,0.0,0.0,0.0,0.0,0.0,0.0,0.0
Muthanna,2018-01-01,0,0,,0,0,0,0,0,0,0,0,0,0,0,0,0,0,0,0,0,,,0,0,0,12,24,0.0,0.0,0.0,0.0,0.0,0.0,0.0,0.0
Muthanna,2018-02-01,0,0,,0,0,0,0,0,0,0,0,0,0,0,0,0,0,0,0,0,,,0,0,0,12,25,0.0,0.0,0.0,0.0,0.0,0.0,0.0,0.0
Muthanna,2018-03-01,0,0,,0,0,0,0,0,0,0,0,0,0,0,0,0,0,0,0,0,,,0,0,0,12,26,0.0,0.0,0.0,0.0,0.0,0.0,0.0,0.0
Muthanna,2018-04-01,0,0,,0,0,0,0,0,0,0,0,0,0,0,0,0,0,0,0,0,,,0,0,0,12,27,0.0,0.0,0.0,0.0,0.0,0.0,0.0,0.0
Muthanna,2018-05-01,0,0,,0,0,0,0,0,0,0,0,0,0,0,0,0,0,0,0,0,,,0,0,0,12,28,0.0,0.0,0.0,0.0,0.0,0.0,0.0,0.0
Muthanna,2018-06-01,0,0,,0,0,0,0,0,0,0,0,0,0,0,0,0,0,0,0,0,,,0,0,0,12,29,0.0,0.0,0.0,0.0,0.0,0.0,0.0,0.0
Muthanna,2018-07-01,0,0,,0,0,0,0,0,0,0,0,0,0,0,0,0,0,0,0,0,,,0,0,0,12,30,0.0,0.0,0.0,0.0,0.0,0.0,0.0,0.0
Muthanna,2018-08-01,1,0,0.0,0,1,1,1,0,1,0,1,0,0,1,0,1,0,0,0,0,1.0,0.0,0,0,0,12,31,0.0,0.0,0.0,0.0,0.0,0.0,0.0,0.0
Muthanna,2018-09-01,0,0,,0,0,0,0,0,0,0,0,0,0,0,0,0,0,0,0,0,,,0,0,0,12,32,0.0,0.0,0.0,0.0,0.0,0.0,0.0,0.0
Muthanna,2018-10-01,0,0,,0,0,0,0,0,0,0,0,0,0,0,0,0,0,0,0,0,,,0,0,0,12,33,0.0,0.0,0.0,0.0,0.0,0.0,0.0,0.0
Muthanna,2018-11-01,0,0,,0,0,0,0,0,0,0,0,0,0,0,0,0,0,0,0,0,,,0,0,0,12,34,0.0,0.0,0.0,0.0,0.0,0.0,0.0,0.0
Muthanna,2018-12-01,0,0,,0,0,0,0,0,0,0,0,0,0,0,0,0,0,0,0,0,,,0,0,0,12,35,0.0,0.0,0.0,0.0,0.0,0.0,0.0,0.0
Muthanna,2019-01-01,1,0,0.0,0,0,0,1,0,1,0,1,0,0,1,0,0,0,0,0,0,0.0,0.0,0,0,0,12,36,0.0,0.0,0.0,0.0,0.0,0.0,0.0,0.0
Muthanna,2019-02-01,0,0,,0,0,0,0,0,0,0,0,0,0,0,0,0,0,0,0,0,,,0,0,0,12,37,0.0,0.0,0.0,0.0,0.0,0.0,0.0,0.0
Muthanna,2019-03-01,0,0,,0,0,0,0,0,0,0,0,0,0,0,0,0,0,0,0,0,,,0,0,0,12,38,0.0,0.0,0.0,0.0,0.0,0.0,0.0,0.0
Muthanna,2019-04-01,0,0,,0,0,0,0,0,0,0,0,0,0,0,0,0,0,0,0,0,,,0,0,0,12,39,0.0,0.0,0.0,0.0,0.0,0.0,0.0,0.0
Muthanna,2019-05-01,0,0,,0,0,0,0,0,0,0,0,0,0,0,0,0,0,0,0,0,,,0,0,0,12,40,0.0,0.0,0.0,0.0,0.0,0.0,0.0,0.0
Muthanna,2019-06-01,0,0,,0,0,0,0,0,0,0,0,0,0,0,0,0,0,0,0,0,,,0,0,0,12,41,0.0,0.0,0.0,0.0,0.0,0.0,0.0,0.0
Muthanna,2019-07-01,0,0,,0,0,0,0,0,0,0,0,0,0,0,0,0,0,0,0,0,,,0,0,0,12,42,0.0,0.0,0.0,0.0,0.0,0.0,0.0,0.0
Muthanna,2019-08-01,0,0,,0,0,0,0,0,0,0,0,0,0,0,0,0,0,0,0,0,,,0,0,0,12,43,0.0,0.0,0.0,0.0,0.0,0.0,0.0,0.0
Muthanna,2019-09-01,0,0,,0,0,0,0,0,0,0,0,0,0,0,0,0,0,0,0,0,,,0,0,0,12,44,0.0,0.0,0.0,0.0,0.0,0.0,0.0,0.0
Muthanna,2019-10-01,0,0,,0,0,0,0,0,0,0,0,0,0,0,0,0,0,0,0,0,,,0,0,0,12,45,0.0,0.0,0.0,0.0,0.0,0.0,0.0,0.0
Muthanna,2019-11-01,0,0,,0,0,0,0,0,0,0,0,0,0,0,0,0,0,0,0,0,,,0,0,0,12,46,0.0,0.0,0.0,0.0,0.0,0.0,0.0,0.0
Muthanna,2019-12-01,0,0,,0,0,0,0,0,0,0,0,0,0,0,0,0,0,0,0,0,,,0,0,0,12,47,0.0,0.0,0.0,0.0,0.0,0.0,0.0,0.0
Muthanna,2020-01-01,0,0,,0,0,0,0,0,0,0,0,0,0,0,0,0,0,0,0,0,,,0,0,0,12,48,0.0,0.0,0.0,0.0,0.0,0.0,0.0,0.0
Muthanna,2020-02-01,0,0,,0,0,0,0,0,0,0,0,0,0,0,0,0,0,0,0,0,,,0,0,0,12,49,0.0,0.0,0.0,0.0,0.0,0.0,0.0,0.0
Muthanna,2020-03-01,0,0,,0,0,0,0,0,0,0,0,0,0,0,0,0,0,0,0,0,,,0,0,0,12,50,0.0,0.0,0.0,0.0,0.0,0.0,0.0,0.0
Muthanna,2020-04-01,0,0,,0,0,0,0,0,0,0,0,0,0,0,0,0,0,0,0,0,,,0,0,0,12,51,0.0,0.0,0.0,0.0,0.0,0.0,0.0,0.0
Muthanna,2020-05-01,0,0,,0,0,0,0,0,0,0,0,0,0,0,0,0,0,0,0,0,,,0,0,0,12,52,0.0,0.0,0.0,0.0,0.0,0.0,0.0,0.0
Muthanna,2020-06-01,0,0,,0,0,0,0,0,0,0,0,0,0,0,0,0,0,0,0,0,,,0,0,0,12,53,0.0,0.0,0.0,0.0,0.0,0.0,0.0,0.0
Muthanna,2020-07-01,0,0,,0,0,0,0,0,0,0,0,0,0,0,0,0,0,0,0,0,,,0,0,0,12,54,0.0,0.0,0.0,0.0,0.0,0.0,0.0,0.0
Muthanna,2020-08-01,0,0,,0,0,0,0,0,0,0,0,0,0,0,0,0,0,0,0,0,,,0,0,0,12,55,0.0,0.0,0.0,0.0,0.0,0.0,0.0,0.0
Muthanna,2020-09-01,0,0,,0,0,0,0,0,0,0,0,0,0,0,0,0,0,0,0,0,,,0,0,0,12,56,0.0,0.0,0.0,0.0,0.0,0.0,0.0,0.0
Muthanna,2020-10-01,1,0,0.0,0,0,0,1,0,1,1,0,1,0,0,0,0,1,0,0,0,0.0,0.0,0,0,0,12,57,0.0,0.0,0.0,0.0,0.0,0.0,0.0,0.0
Muthanna,2020-11-01,0,0,,0,0,0,0,0,0,0,0,0,0,0,0,0,0,0,0,0,,,0,0,0,12,58,0.0,0.0,0.0,0.0,0.0,0.0,0.0,0.0
Muthanna,2020-12-01,1,0,0.0,0,0,0,1,0,1,1,0,1,0,0,0,0,1,0,0,0,0.0,0.0,0,0,0,12,59,0.0,0.0,0.0,0.0,0.0,0.0,0.0,0.0
Najaf,2016-01-01,0,0,,0,0,0,0,0,0,0,0,0,0,0,0,0,0,0,0,0,,,0,0,0,13,0,0.0,0.0,,,,,,
Najaf,2016-02-01,0,0,,0,0,0,0,0,0,0,0,0,0,0,0,0,0,0,0,0,,,0,0,0,13,1,0.0,0.0,0.0,,,,,
Najaf,2016-03-01,0,0,,0,0,0,0,0,0,0,0,0,0,0,0,0,0,0,0,0,,,0,0,0,13,2,0.0,0.0,0.0,0.0,,,,
Najaf,2016-04-01,0,0,,0,0,0,0,0,0,0,0,0,0,0,0,0,0,0,0,0,,,0,0,0,13,3,0.0,0.0,0.0,0.0,0.0,,,
Najaf,2016-05-01,0,0,,0,0,0,0,0,0,0,0,0,0,0,0,0,0,0,0,0,,,0,0,0,13,4,0.0,0.0,0.0,0.0,0.0,0.0,,
Najaf,2016-06-01,0,0,,0,0,0,0,0,0,0,0,0,0,0,0,0,0,0,0,0,,,0,0,0,13,5,0.0,0.0,0.0,0.0,0.0,0.0,0.0,
Najaf,2016-07-01,1,0,0.0,2,6,8,1,0,1,1,0,1,0,0,0,1,0,0,0,0,8.0,2.0,0,0,0,13,6,0.0,0.0,0.0,0.0,0.0,0.0,0.0,0.0
Najaf,2016-08-01,1,1,1.0,0,0,0,0,0,1,1,0,0,0,0,0,0,1,0,0,0,,,0,0,0,13,7,0.0,0.0,0.0,0.0,0.0,0.0,0.0,0.0
Najaf,2016-09-01,0,0,,0,0,0,0,0,0,0,0,0,0,0,0,0,0,0,0,0,,,0,0,0,13,8,0.0,0.0,0.0,0.0,0.0,0.0,0.0,0.0
Najaf,2016-10-01,0,0,,0,0,0,0,0,0,0,0,0,0,0,0,0,0,0,0,0,,,0,0,0,13,9,0.0,0.0,0.0,0.0,0.0,0.0,0.0,0.0
Najaf,2016-11-01,0,0,,0,0,0,0,0,0,0,0,0,0,0,0,0,0,0,0,0,,,0,0,0,13,10,0.0,0.0,0.0,0.0,0.0,0.0,0.0,0.0
Najaf,2016-12-01,0,0,,0,0,0,0,0,0,0,0,0,0,0,0,0,0,0,0,0,,,0,0,0,13,11,0.0,0.0,0.0,0.0,0.0,0.0,0.0,0.0
Najaf,2017-01-01,0,0,,0,0,0,0,0,0,0,0,0,0,0,0,0,0,0,0,0,,,0,0,0,13,12,0.0,0.0,0.0,0.0,0.0,0.0,0.0,0.0
Najaf,2017-02-01,0,0,,0,0,0,0,0,0,0,0,0,0,0,0,0,0,0,0,0,,,0,0,0,13,13,0.0,0.0,0.0,0.0,0.0,0.0,0.0,0.0
Najaf,2017-03-01,0,0,,0,0,0,0,0,0,0,0,0,0,0,0,0,0,0,0,0,,,0,0,0,13,14,0.0,0.0,0.0,0.0,0.0,0.0,0.0,0.0
Najaf,2017-04-01,0,0,,0,0,0,0,0,0,0,0,0,0,0,0,0,0,0,0,0,,,0,0,0,13,15,0.0,0.0,0.0,0.0,0.0,0.0,0.0,0.0
Najaf,2017-05-01,0,0,,0,0,0,0,0,0,0,0,0,0,0,0,0,0,0,0,0,,,0,0,0,13,16,0.0,0.0,0.0,0.0,0.0,0.0,0.0,0.0
Najaf,2017-06-01,0,0,,0,0,0,0,0,0,0,0,0,0,0,0,0,0,0,0,0,,,0,0,0,13,17,0.0,0.0,0.0,0.0,0.0,0.0,0.0,0.0
Najaf,2017-07-01,0,0,,0,0,0,0,0,0,0,0,0,0,0,0,0,0,0,0,0,,,0,0,0,13,18,0.0,0.0,0.0,0.0,0.0,0.0,0.0,0.0
Najaf,2017-08-01,0,0,,0,0,0,0,0,0,0,0,0,0,0,0,0,0,0,0,0,,,0,0,0,13,19,0.0,0.0,0.0,0.0,0.0,0.0,0.0,0.0
Najaf,2017-09-01,1,0,0.0,3,1,4,1,0,1,0,1,0,0,1,0,0,0,0,0,0,4.0,3.0,0,0,0,13,20,0.0,0.0,0.0,0.0,0.0,0.0,0.0,0.0
Najaf,2017-10-01,0,0,,0,0,0,0,0,0,0,0,0,0,0,0,0,0,0,0,0,,,0,0,0,13,21,0.0,0.0,0.0,0.0,0.0,0.0,0.0,0.0
Najaf,2017-11-01,0,0,,0,0,0,0,0,0,0,0,0,0,0,0,0,0,0,0,0,,,0,0,0,13,22,0.0,0.0,0.0,0.0,0.0,0.0,0.0,0.0
Najaf,2017-12-01,0,0,,0,0,0,0,0,0,0,0,0,0,0,0,0,0,0,0,0,,,0,0,0,13,23,0.0,0.0,0.0,0.0,0.0,0.0,0.0,0.0
Najaf,2018-01-01,0,0,,0,0,0,0,0,0,0,0,0,0,0,0,0,0,0,0,0,,,0,0,0,13,24,0.0,0.0,0.0,0.0,0.0,0.0,0.0,0.0
Najaf,2018-02-01,0,0,,0,0,0,0,0,0,0,0,0,0,0,0,0,0,0,0,0,,,0,0,0,13,25,0.0,0.0,0.0,0.0,0.0,0.0,0.0,0.0
Najaf,2018-03-01,0,0,,0,0,0,0,0,0,0,0,0,0,0,0,0,0,0,0,0,,,0,0,0,13,26,0.0,0.0,0.0,0.0,0.0,0.0,0.0,0.0
Najaf,2018-04-01,0,0,,0,0,0,0,0,0,0,0,0,0,0,0,0,0,0,0,0,,,0,0,0,13,27,0.0,0.0,0.0,0.0,0.0,0.0,0.0,0.0
Najaf,2018-05-01,0,0,,0,0,0,0,0,0,0,0,0,0,0,0,0,0,0,0,0,,,0,0,0,13,28,0.0,0.0,0.0,0.0,0.0,0.0,0.0,0.0
Najaf,2018-06-01,0,0,,0,0,0,0,0,0,0,0,0,0,0,0,0,0,0,0,0,,,0,0,0,13,29,0.0,0.0,0.0,0.0,0.0,0.0,0.0,0.0
Najaf,2018-07-01,2,0,0.0,2,0,2,2,0,2,2,0,0,1,1,0,0,0,0,0,0,1.0,1.0,0,0,0,13,30,0.0,0.0,0.0,0.0,0.0,0.0,0.0,0.0
Najaf,2018-08-01,0,0,,0,0,0,0,0,0,0,0,0,0,0,0,0,0,0,0,0,,,0,0,0,13,31,0.0,0.0,0.0,0.0,0.0,0.0,0.0,0.0
Najaf,2018-09-01,0,0,,0,0,0,0,0,0,0,0,0,0,0,0,0,0,0,0,0,,,0,0,0,13,32,0.0,0.0,0.0,0.0,0.0,0.0,0.0,0.0
Najaf,2018-10-01,2,0,0.0,0,2,2,2,0,2,2,0,0,2,0,0,0,0,0,0,0,1.0,0.0,0,0,0,13,33,0.0,0.0,0.0,0.0,0.0,0.0,0.0,0.0
Najaf,2018-11-01,0,0,,0,0,0,0,0,0,0,0,0,0,0,0,0,0,0,0,0,,,0,0,0,13,34,0.0,0.0,0.0,0.0,0.0,0.0,0.0,0.0
Najaf,2018-12-01,0,0,,0,0,0,0,0,0,0,0,0,0,0,0,0,0,0,0,0,,,0,0,0,13,35,0.0,0.0,0.0,0.0,0.0,0.0,0.0,0.0
Najaf,2019-01-01,0,0,,0,0,0,0,0,0,0,0,0,0,0,0,0,0,0,0,0,,,0,0,0,13,36,0.0,0.0,0.0,0.0,0.0,0.0,0.0,0.0
Najaf,2019-02-01,0,0,,0,0,0,0,0,0,0,0,0,0,0,0,0,0,0,0,0,,,0,0,0,13,37,0.0,0.0,0.0,0.0,0.0,0.0,0.0,0.0
Najaf,2019-03-01,0,0,,0,0,0,0,0,0,0,0,0,0,0,0,0,0,0,0,0,,,0,0,0,13,38,0.0,0.0,0.0,0.0,0.0,0.0,0.0,0.0
Najaf,2019-04-01,0,0,,0,0,0,0,0,0,0,0,0,0,0,0,0,0,0,0,0,,,0,0,0,13,39,0.0,0.0,0.0,0.0,0.0,0.0,0.0,0.0
Najaf,2019-05-01,1,0,0.0,0,0,0,1,0,1,1,0,1,0,0,0,0,0,0,0,1,0.0,0.0,0,0,0,13,40,0.0,0.0,0.0,0.0,0.0,0.0,0.0,0.0
Najaf,2019-06-01,0,0,,0,0,0,0,0,0,0,0,0,0,0,0,0,0,0,0,0,,,0,0,0,13,41,0.0,0.0,0.0,0.0,0.0,0.0,0.0,0.0
Najaf,2019-07-01,0,0,,0,0,0,0,0,0,0,0,0,0,0,0,0,0,0,0,0,,,0,0,0,13,42,0.0,0.0,0.0,0.0,0.0,0.0,0.0,0.0
Najaf,2019-08-01,0,0,,0,0,0,0,0,0,0,0,0,0,0,0,0,0,0,0,0,,,0,0,0,13,43,0.0,0.0,0.0,0.0,0.0,0.0,0.0,0.0
Najaf,2019-09-01,0,0,,0,0,0,0,0,0,0,0,0,0,0,0,0,0,0,0,0,,,0,0,0,13,44,0.0,0.0,0.0,0.0,0.0,0.0,0.0,0.0
Najaf,2019-10-01,0,0,,0,0,0,0,0,0,0,0,0,0,0,0,0,0,0,0,0,,,0,0,0,13,45,0.0,0.0,0.0,0.0,0.0,0.0,0.0,0.0
Najaf,2019-11-01,0,0,,0,0,0,0,0,0,0,0,0,0,0,0,0,0,0,0,0,,,0,0,0,13,46,0.0,0.0,0.0,0.0,0.0,0.0,0.0,0.0
Najaf,2019-12-01,2,0,0.0,0,0,0,2,0,2,1,1,1,1,0,0,0,0,0,2,0,0.0,0.0,0,0,0,13,47,0.0,0.0,0.0,0.0,0.0,0.0,0.0,0.0
Najaf,2020-01-01,0,0,,0,0,0,0,0,0,0,0,0,0,0,0,0,0,0,0,0,,,0,0,0,13,48,0.0,0.0,0.0,0.0,0.0,0.0,0.0,0.0
Najaf,2020-02-01,2,0,0.0,11,122,133,2,0,2,2,0,1,1,0,0,1,0,0,0,1,66.5,5.5,0,0,0,13,49,0.0,0.0,0.0,0.0,0.0,0.0,0.0,0.0
Najaf,2020-03-01,2,0,0.0,0,0,0,2,0,2,1,1,0,0,1,1,0,0,0,1,0,0.0,0.0,0,0,0,13,50,0.0,0.0,0.0,0.0,0.0,0.0,0.0,0.0
Najaf,2020-04-01,0,0,,0,0,0,0,0,0,0,0,0,0,0,0,0,0,0,0,0,,,0,0,0,13,51,0.0,0.0,0.0,0.0,0.0,0.0,0.0,0.0
Najaf,2020-05-01,0,0,,0,0,0,0,0,0,0,0,0,0,0,0,0,0,0,0,0,,,0,0,0,13,52,0.0,0.0,0.0,0.0,0.0,0.0,0.0,0.0
Najaf,2020-06-01,0,0,,0,0,0,0,0,0,0,0,0,0,0,0,0,0,0,0,0,,,0,0,0,13,53,0.0,0.0,0.0,0.0,0.0,0.0,0.0,0.0
Najaf,2020-07-01,0,0,,0,0,0,0,0,0,0,0,0,0,0,0,0,0,0,0,0,,,0,0,0,13,54,0.0,0.0,0.0,0.0,0.0,0.0,0.0,0.0
Najaf,2020-08-01,0,0,,0,0,0,0,0,0,0,0,0,0,0,0,0,0,0,0,0,,,0,0,0,13,55,0.0,0.0,0.0,0.0,0.0,0.0,0.0,0.0
Najaf,2020-09-01,1,0,0.0,0,0,0,1,0,1,1,0,1,0,0,0,0,0,0,0,0,0.0,0.0,0,0,0,13,56,0.0,0.0,0.0,0.0,0.0,0.0,0.0,0.0
Najaf,2020-10-01,2,0,0.0,0,0,0,1,0,2,2,0,1,0,0,1,2,0,0,0,0,0.0,0.0,0,0,0,13,57,0.0,0.0,0.0,0.0,0.0,0.0,0.0,0.0
Najaf,2020-11-01,0,0,,0,0,0,0,0,0,0,0,0,0,0,0,0,0,0,0,0,,,0,0,0,13,58,0.0,0.0,0.0,0.0,0.0,0.0,0.0,0.0
Najaf,2020-12-01,0,0,,0,0,0,0,0,0,0,0,0,0,0,0,0,0,0,0,0,,,0,0,0,13,59,0.0,0.0,0.0,0.0,0.0,0.0,0.0,0.0
Nineveh,2016-01-01,13,13,9.0,174,0,108,7,1,12,9,4,1,2,0,9,10,2,0,0,0,15.428571428571429,24.857142857142858,79,149,0,14,0,4.382026634673881,0.0,,,,,,
Nineveh,2016-02-01,32,31,29.0,355,46,401,31,1,31,30,2,23,1,0,4,25,4,1,1,0,12.935483870967742,11.451612903225806,117,339,8,14,1,4.770684624465665,2.1972245773362196,4.382026634673881,,,,,
Nineveh,2016-03-01,10,9,9.0,90,19,109,9,2,8,9,1,4,0,0,4,5,4,0,0,0,12.11111111111111,10.0,126,188,0,14,2,4.844187086458591,0.0,4.770684624465665,4.382026634673881,,,,
Nineveh,2016-04-01,20,16,11.0,396,19,415,18,4,16,12,8,11,0,0,4,8,5,1,0,1,23.055555555555557,22.0,165,755,0,14,3,5.111987788356544,0.0,4.844187086458591,4.770684624465665,4.382026634673881,,,
Nineveh,2016-05-01,29,25,16.0,191,55,246,17,9,20,17,12,12,2,0,8,19,8,0,0,0,14.470588235294118,11.235294117647058,181,486,1,14,4,5.204006687076795,0.6931471805599453,5.111987788356544,4.844187086458591,4.770684624465665,4.382026634673881,,
Nineveh,2016-06-01,19,16,9.0,123,9,132,19,5,14,10,9,13,0,0,2,9,5,0,0,0,6.947368421052632,6.473684210526316,137,380,1,14,5,4.927253685157205,0.6931471805599453,5.204006687076795,5.111987788356544,4.844187086458591,4.770684624465665,4.382026634673881,
Nineveh,2016-07-01,11,8,4.0,36,9,45,10,2,9,5,6,6,0,0,2,7,1,0,0,0,4.5,3.6,140,407,0,14,6,4.948759890378168,0.0,4.927253685157205,5.204006687076795,5.111987788356544,4.844187086458591,4.770684624465665,4.382026634673881
Nineveh,2016-08-01,17,17,12.0,92,7,86,9,4,13,12,5,8,0,1,4,9,5,1,1,0,9.555555555555555,10.222222222222221,129,490,1,14,7,4.867534450455582,0.6931471805599453,4.948759890378168,4.927253685157205,5.204006687076795,5.111987788356544,4.844187086458591,4.770684624465665
Nineveh,2016-09-01,23,21,16.0,275,18,193,21,6,17,16,7,19,0,0,2,3,14,1,0,0,9.19047619047619,13.095238095238095,144,435,1,14,8,4.976733742420574,0.6931471805599453,4.867534450455582,4.948759890378168,4.927253685157205,5.204006687076795,5.111987788356544,4.844187086458591
Nineveh,2016-10-01,44,41,35.0,1077,34,1105,37,7,37,38,6,21,0,0,17,23,8,4,3,0,29.864864864864863,29.10810810810811,128,318,0,14,9,4.859812404361672,0.0,4.976733742420574,4.867534450455582,4.948759890378168,4.927253685157205,5.204006687076795,5.111987788356544
Nineveh,2016-11-01,76,63,50.0,398,134,468,59,26,50,58,18,53,6,3,10,35,22,4,3,1,7.932203389830509,6.745762711864407,86,194,0,14,10,4.465908118654584,0.0,4.859812404361672,4.976733742420574,4.867534450455582,4.948759890378168,4.927253685157205,5.204006687076795
Nineveh,2016-12-01,81,72,36.0,633,249,831,61,38,43,42,39,63,3,2,3,46,26,3,0,0,13.62295081967213,10.37704918032787,70,234,1,14,11,4.2626798770413155,0.6931471805599453,4.465908118654584,4.859812404361672,4.976733742420574,4.867534450455582,4.948759890378168,4.927253685157205
Nineveh,2017-01-01,81,74,55.0,454,91,545,61,11,70,57,24,45,4,0,21,54,18,1,2,1,8.934426229508198,7.442622950819672,19,110,1,14,12,2.995732273553991,0.6931471805599453,4.2626798770413155,4.465908118654584,4.859812404361672,4.976733742420574,4.867534450455582,4.948759890378168
Nineveh,2017-02-01,96,72,62.0,389,163,541,86,21,75,68,28,79,4,0,4,36,26,3,0,6,6.290697674418604,4.523255813953488,16,101,0,14,13,2.833213344056216,0.0,2.995732273553991,4.2626798770413155,4.465908118654584,4.859812404361672,4.976733742420574,4.867534450455582
Nineveh,2017-03-01,67,48,31.0,606,106,712,57,13,54,38,29,52,1,1,2,32,11,6,2,1,12.491228070175438,10.631578947368421,36,519,0,14,14,3.6109179126442243,0.0,2.833213344056216,2.995732273553991,4.2626798770413155,4.465908118654584,4.859812404361672,4.976733742420574
Nineveh,2017-04-01,92,43,35.0,302,132,404,88,8,84,36,56,79,3,1,4,22,13,4,1,1,4.590909090909091,3.4318181818181817,21,323,2,14,15,3.091042453358316,1.0986122886681098,3.6109179126442243,2.833213344056216,2.995732273553991,4.2626798770413155,4.465908118654584,4.859812404361672
Nineveh,2017-05-01,80,61,43.0,359,85,373,76,22,58,46,34,59,4,1,3,19,26,7,1,1,4.907894736842105,4.723684210526316,16,141,0,14,16,2.833213344056216,0.0,3.091042453358316,3.6109179126442243,2.833213344056216,2.995732273553991,4.2626798770413155,4.465908118654584
Nineveh,2017-06-01,94,59,38.0,778,190,829,85,25,69,42,52,68,7,1,2,21,24,14,0,0,9.75294117647059,9.152941176470588,52,112,1,14,17,3.970291913552122,0.6931471805599453,2.833213344056216,3.091042453358316,3.6109179126442243,2.833213344056216,2.995732273553991,4.2626798770413155
Nineveh,2017-07-01,58,50,27.0,253,102,350,56,16,42,33,25,41,4,0,2,15,27,5,0,1,6.25,4.517857142857143,33,30,0,14,18,3.5263605246161616,0.0,3.970291913552122,2.833213344056216,3.091042453358316,3.6109179126442243,2.833213344056216,2.995732273553991
Nineveh,2017-08-01,60,35,15.0,116,45,161,58,11,49,19,41,44,8,0,2,10,17,6,1,0,2.7758620689655173,2.0,38,73,1,14,19,3.6635616461296463,0.6931471805599453,3.5263605246161616,3.970291913552122,2.833213344056216,3.091042453358316,3.6109179126442243,2.833213344056216
Nineveh,2017-09-01,16,14,5.0,49,20,69,13,4,12,7,9,9,3,0,0,5,7,1,0,0,5.3076923076923075,3.769230769230769,3,0,1,14,20,1.3862943611198906,0.6931471805599453,3.6635616461296463,3.5263605246161616,3.970291913552122,2.833213344056216,3.091042453358316,3.6109179126442243
Nineveh,2017-10-01,12,7,6.0,73,31,104,11,2,10,11,1,8,3,0,0,2,4,3,1,0,9.454545454545455,6.636363636363637,6,0,0,14,21,1.9459101490553132,0.0,1.3862943611198906,3.6635616461296463,3.5263605246161616,3.970291913552122,2.833213344056216,3.091042453358316
Nineveh,2017-11-01,33,20,14.0,67,31,98,33,2,31,25,8,19,12,0,0,17,6,3,0,3,2.9696969696969697,2.0303030303030303,10,15,0,14,22,2.3978952727983707,0.0,1.9459101490553132,1.3862943611198906,3.6635616461296463,3.5263605246161616,3.970291913552122,2.833213344056216
Nineveh,2017-12-01,20,11,6.0,54,8,49,17,3,17,14,6,9,3,1,0,2,9,5,2,0,2.8823529411764706,3.176470588235294,2,0,0,14,23,1.0986122886681098,0.0,2.3978952727983707,1.9459101490553132,1.3862943611198906,3.6635616461296463,3.5263605246161616,3.970291913552122
Nineveh,2018-01-01,20,16,8.0,67,5,72,20,1,19,10,10,8,3,2,0,8,6,2,2,1,3.6,3.35,4,1,0,14,24,1.6094379124341003,0.0,1.0986122886681098,2.3978952727983707,1.9459101490553132,1.3862943611198906,3.6635616461296463,3.5263605246161616
Nineveh,2018-02-01,17,11,4.0,48,6,54,13,5,12,8,9,9,2,0,1,5,8,2,0,0,4.153846153846154,3.6923076923076925,2,19,0,14,25,1.0986122886681098,0.0,1.6094379124341003,1.0986122886681098,2.3978952727983707,1.9459101490553132,1.3862943611198906,3.6635616461296463
Nineveh,2018-03-01,11,7,4.0,43,13,56,11,0,11,7,4,4,2,2,0,2,3,4,1,0,5.090909090909091,3.909090909090909,4,0,0,14,26,1.6094379124341003,0.0,1.0986122886681098,1.6094379124341003,1.0986122886681098,2.3978952727983707,1.9459101490553132,1.3862943611198906
Nineveh,2018-04-01,11,8,4.0,29,20,49,11,0,11,4,7,8,0,1,0,4,3,1,0,0,4.454545454545454,2.6363636363636362,4,0,0,14,27,1.6094379124341003,0.0,1.6094379124341003,1.0986122886681098,1.6094379124341003,1.0986122886681098,2.3978952727983707,1.9459101490553132
Nineveh,2018-05-01,12,8,8.0,12,12,24,9,0,12,11,1,4,1,1,1,5,1,2,1,0,2.6666666666666665,1.3333333333333333,5,0,0,14,28,1.791759469228055,0.0,1.6094379124341003,1.6094379124341003,1.0986122886681098,1.6094379124341003,1.0986122886681098,2.3978952727983707
Nineveh,2018-06-01,9,6,5.0,12,13,25,8,0,9,8,1,3,0,1,2,3,1,3,1,0,3.125,1.5,0,0,0,14,29,0.0,0.0,1.791759469228055,1.6094379124341003,1.6094379124341003,1.0986122886681098,1.6094379124341003,1.0986122886681098
Nineveh,2018-07-01,11,8,8.0,23,7,30,11,0,11,11,0,4,4,1,1,7,1,3,0,0,2.727272727272727,2.090909090909091,4,0,0,14,30,1.6094379124341003,0.0,0.0,1.791759469228055,1.6094379124341003,1.6094379124341003,1.0986122886681098,1.6094379124341003
Nineveh,2018-08-01,13,10,8.0,24,19,43,12,1,12,11,2,9,1,1,0,5,4,1,1,0,3.5833333333333335,2.0,2,0,1,14,31,1.0986122886681098,0.6931471805599453,1.6094379124341003,0.0,1.791759469228055,1.6094379124341003,1.6094379124341003,1.0986122886681098
Nineveh,2018-09-01,8,4,4.0,13,11,24,8,0,8,7,1,4,1,2,1,4,0,0,2,0,3.0,1.625,3,0,1,14,32,1.3862943611198906,0.6931471805599453,1.0986122886681098,1.6094379124341003,0.0,1.791759469228055,1.6094379124341003,1.6094379124341003
Nineveh,2018-10-01,10,6,6.0,26,36,59,8,0,10,9,1,4,1,1,4,2,1,4,1,0,7.375,3.25,0,0,0,14,33,0.0,0.0,1.3862943611198906,1.0986122886681098,1.6094379124341003,0.0,1.791759469228055,1.6094379124341003
Nineveh,2018-11-01,11,8,8.0,23,29,49,10,0,11,11,0,8,2,1,0,4,3,2,1,1,4.9,2.3,3,28,0,14,34,1.3862943611198906,0.0,0.0,1.3862943611198906,1.0986122886681098,1.6094379124341003,0.0,1.791759469228055
Nineveh,2018-12-01,5,3,3.0,8,16,24,5,0,5,5,0,3,0,1,0,3,0,2,0,0,4.8,1.6,2,4,1,14,35,1.0986122886681098,0.6931471805599453,1.3862943611198906,0.0,1.3862943611198906,1.0986122886681098,1.6094379124341003,0.0
Nineveh,2019-01-01,2,2,2.0,5,0,5,2,0,2,2,0,0,2,0,0,2,0,0,0,0,2.5,2.5,1,0,1,14,36,0.6931471805599453,0.6931471805599453,1.0986122886681098,1.3862943611198906,0.0,1.3862943611198906,1.0986122886681098,1.6094379124341003
Nineveh,2019-02-01,9,7,4.0,17,8,25,8,4,5,4,5,6,1,0,0,1,4,1,0,0,3.125,2.125,1,0,1,14,37,0.6931471805599453,0.6931471805599453,0.6931471805599453,1.0986122886681098,1.3862943611198906,0.0,1.3862943611198906,1.0986122886681098
Nineveh,2019-03-01,5,2,1.0,13,48,61,4,2,3,3,2,3,1,0,0,0,3,0,0,0,15.25,3.25,1,3,1,14,38,0.6931471805599453,0.6931471805599453,0.6931471805599453,0.6931471805599453,1.0986122886681098,1.3862943611198906,0.0,1.3862943611198906
Nineveh,2019-04-01,8,4,4.0,7,4,11,7,2,6,6,2,3,3,2,0,3,0,1,1,1,1.5714285714285714,1.0,0,0,1,14,39,0.0,0.6931471805599453,0.6931471805599453,0.6931471805599453,0.6931471805599453,1.0986122886681098,1.3862943611198906,0.0
Nineveh,2019-05-01,27,21,19.0,27,22,49,27,1,26,24,3,8,13,1,1,21,1,1,1,0,1.8148148148148149,1.0,1,0,0,14,40,0.6931471805599453,0.0,0.0,0.6931471805599453,0.6931471805599453,0.6931471805599453,1.0986122886681098,1.3862943611198906
Nineveh,2019-06-01,5,4,3.0,4,5,9,5,0,5,4,1,2,0,1,0,2,1,0,0,1,1.8,0.8,2,21,0,14,41,1.0986122886681098,0.0,0.6931471805599453,0.0,0.6931471805599453,0.6931471805599453,0.6931471805599453,1.0986122886681098
Nineveh,2019-07-01,3,2,2.0,4,1,5,3,1,2,3,0,2,0,1,0,2,0,0,0,0,1.6666666666666667,1.3333333333333333,8,37,0,14,42,2.1972245773362196,0.0,1.0986122886681098,0.6931471805599453,0.0,0.6931471805599453,0.6931471805599453,0.6931471805599453
Nineveh,2019-08-01,0,0,,0,0,0,0,0,0,0,0,0,0,0,0,0,0,0,0,0,,,1,3,5,14,43,0.6931471805599453,1.791759469228055,2.1972245773362196,1.0986122886681098,0.6931471805599453,0.0,0.6931471805599453,0.6931471805599453
Nineveh,2019-09-01,5,1,1.0,4,3,7,5,0,5,5,0,5,0,0,0,2,2,0,0,0,1.4,0.8,1,8,1,14,44,0.6931471805599453,0.6931471805599453,0.6931471805599453,2.1972245773362196,1.0986122886681098,0.6931471805599453,0.0,0.6931471805599453
Nineveh,2019-10-01,0,0,,0,0,0,0,0,0,0,0,0,0,0,0,0,0,0,0,0,,,1,0,1,14,45,0.6931471805599453,0.6931471805599453,0.6931471805599453,0.6931471805599453,2.1972245773362196,1.0986122886681098,0.6931471805599453,0.0
Nineveh,2019-11-01,1,1,1.0,0,0,0,1,0,1,1,0,1,0,0,0,0,1,0,0,0,0.0,0.0,1,0,4,14,46,0.6931471805599453,1.6094379124341003,0.6931471805599453,0.6931471805599453,0.6931471805599453,2.1972245773362196,1.0986122886681098,0.6931471805599453
Nineveh,2019-12-01,5,3,1.0,11,5,16,5,0,5,3,2,1,1,1,0,2,3,0,0,0,3.2,2.2,1,4,1,14,47,0.6931471805599453,0.6931471805599453,0.6931471805599453,0.6931471805599453,0.6931471805599453,0.6931471805599453,2.1972245773362196,1.0986122886681098
Nineveh,2020-01-01,3,1,1.0,1,2,3,3,0,3,3,0,2,0,0,1,1,1,0,0,0,1.0,0.3333333333333333,0,0,5,14,48,0.0,1.791759469228055,0.6931471805599453,0.6931471805599453,0.6931471805599453,0.6931471805599453,0.6931471805599453,2.1972245773362196
Nineveh,2020-02-01,1,1,1.0,1,0,1,1,0,1,1,0,0,0,0,0,0,1,0,0,0,1.0,1.0,0,0,0,14,49,0.0,0.0,0.0,0.6931471805599453,0.6931471805599453,0.6931471805599453,0.6931471805599453,0.6931471805599453
Nineveh,2020-03-01,2,1,0.0,3,3,6,2,1,1,1,1,2,0,0,0,0,0,0,0,0,3.0,1.5,0,0,1,14,50,0.0,0.6931471805599453,0.0,0.0,0.6931471805599453,0.6931471805599453,0.6931471805599453,0.6931471805599453
Nineveh,2020-04-01,5,2,2.0,6,10,16,5,0,5,5,0,4,1,0,0,2,3,0,0,0,3.2,1.2,0,0,1,14,51,0.0,0.6931471805599453,0.0,0.0,0.0,0.6931471805599453,0.6931471805599453,0.6931471805599453
Nineveh,2020-05-01,4,2,1.0,2,1,3,4,0,4,3,1,2,0,0,0,2,0,0,1,0,0.75,0.5,1,7,1,14,52,0.6931471805599453,0.6931471805599453,0.0,0.0,0.0,0.0,0.6931471805599453,0.6931471805599453
Nineveh,2020-06-01,2,0,0.0,0,1,1,2,0,2,2,0,2,0,0,0,1,0,0,0,0,0.5,0.0,1,10,7,14,53,0.6931471805599453,2.0794415416798357,0.6931471805599453,0.0,0.0,0.0,0.0,0.6931471805599453
Nineveh,2020-07-01,0,0,,0,0,0,0,0,0,0,0,0,0,0,0,0,0,0,0,0,,,2,0,0,14,54,1.0986122886681098,0.0,0.6931471805599453,0.6931471805599453,0.0,0.0,0.0,0.0
Nineveh,2020-08-01,4,0,0.0,0,5,5,4,0,4,4,0,3,1,0,0,0,3,0,0,0,1.25,0.0,1,0,4,14,55,0.6931471805599453,1.6094379124341003,1.0986122886681098,0.6931471805599453,0.6931471805599453,0.0,0.0,0.0
Nineveh,2020-09-01,2,1,1.0,3,2,5,2,0,2,2,0,0,1,0,0,1,1,0,0,0,2.5,1.5,0,0,2,14,56,0.0,1.0986122886681098,0.6931471805599453,1.0986122886681098,0.6931471805599453,0.6931471805599453,0.0,0.0
Nineveh,2020-10-01,4,1,1.0,2,8,10,4,0,4,4,0,3,1,0,0,2,2,0,0,0,2.5,0.5,2,0,3,14,57,1.0986122886681098,1.3862943611198906,0.0,0.6931471805599453,1.0986122886681098,0.6931471805599453,0.6931471805599453,0.0
Nineveh,2020-11-01,3,3,3.0,5,5,10,3,0,3,3,0,3,0,0,0,2,1,0,0,0,3.3333333333333335,1.6666666666666667,0,0,4,14,58,0.0,1.6094379124341003,1.0986122886681098,0.0,0.6931471805599453,1.0986122886681098,0.6931471805599453,0.6931471805599453
Nineveh,2020-12-01,2,1,1.0,2,2,4,1,0,2,1,1,1,1,0,0,1,1,0,0,0,4.0,2.0,0,0,0,14,59,0.0,0.0,0.0,1.0986122886681098,0.0,0.6931471805599453,1.0986122886681098,0.6931471805599453
Saladin,2016-01-01,36,14,8.0,102,111,178,32,7,29,26,10,28,5,1,1,12,5,6,1,4,5.5625,3.1875,5,72,0,15,0,1.791759469228055,0.0,,,,,,
Saladin,2016-02-01,22,10,6.0,125,104,229,22,3,19,15,7,17,1,0,1,6,4,2,0,6,10.409090909090908,5.681818181818182,6,24,0,15,1,1.9459101490553132,0.0,1.791759469228055,,,,,
Saladin,2016-03-01,36,19,9.0,153,118,271,33,7,29,22,14,26,3,0,0,11,8,3,0,8,8.212121212121213,4.636363636363637,8,0,0,15,2,2.1972245773362196,0.0,1.9459101490553132,1.791759469228055,,,,
Saladin,2016-04-01,25,16,12.0,87,106,171,23,5,20,20,5,18,1,1,0,7,7,1,0,1,7.434782608695652,3.782608695652174,11,40,0,15,3,2.4849066497880004,0.0,2.1972245773362196,1.9459101490553132,1.791759469228055,,,
Saladin,2016-05-01,30,12,10.0,88,157,245,27,6,24,28,2,21,2,0,3,9,3,5,1,2,9.074074074074074,3.259259259259259,22,47,0,15,4,3.1354942159291497,0.0,2.4849066497880004,2.1972245773362196,1.9459101490553132,1.791759469228055,,
Saladin,2016-06-01,51,37,29.0,258,205,459,48,8,43,42,9,28,5,2,1,12,15,11,0,2,9.5625,5.375,16,20,0,15,5,2.833213344056216,0.0,3.1354942159291497,2.4849066497880004,2.1972245773362196,1.9459101490553132,1.791759469228055,
Saladin,2016-07-01,30,15,11.0,209,185,394,30,11,19,25,5,29,0,0,0,13,8,3,0,3,13.133333333333333,6.966666666666667,15,2,0,15,6,2.772588722239781,0.0,2.833213344056216,3.1354942159291497,2.4849066497880004,2.1972245773362196,1.9459101490553132,1.791759469228055
Saladin,2016-08-01,19,5,3.0,39,91,130,19,1,18,16,3,16,1,1,1,8,4,3,1,1,6.842105263157895,2.0526315789473686,3,0,0,15,7,1.3862943611198906,0.0,2.772588722239781,2.833213344056216,3.1354942159291497,2.4849066497880004,2.1972245773362196,1.9459101490553132
Saladin,2016-09-01,138,121,113.0,97,147,244,133,9,129,127,11,131,2,2,1,113,12,3,2,4,1.8345864661654134,0.7293233082706767,8,35,0,15,8,2.1972245773362196,0.0,1.3862943611198906,2.772588722239781,2.833213344056216,3.1354942159291497,2.4849066497880004,2.1972245773362196
Saladin,2016-10-01,24,12,7.0,81,86,167,23,2,22,19,5,13,2,1,0,11,4,4,0,1,7.260869565217392,3.5217391304347827,5,0,0,15,9,1.791759469228055,0.0,2.1972245773362196,1.3862943611198906,2.772588722239781,2.833213344056216,3.1354942159291497,2.4849066497880004
Saladin,2016-11-01,21,11,10.0,97,187,284,21,4,17,19,2,17,3,1,0,8,4,3,1,1,13.523809523809524,4.619047619047619,11,0,0,15,10,2.4849066497880004,0.0,1.791759469228055,2.1972245773362196,1.3862943611198906,2.772588722239781,2.833213344056216,3.1354942159291497
Saladin,2016-12-01,13,8,4.0,41,23,64,11,3,10,9,4,8,0,0,2,3,7,1,0,1,5.818181818181818,3.727272727272727,13,0,0,15,11,2.6390573296152584,0.0,2.4849066497880004,1.791759469228055,2.1972245773362196,1.3862943611198906,2.772588722239781,2.833213344056216
Saladin,2017-01-01,37,24,22.0,107,107,214,33,3,34,33,4,21,5,1,2,15,13,5,1,1,6.484848484848484,3.242424242424242,1,2,0,15,12,0.6931471805599453,0.0,2.6390573296152584,2.4849066497880004,1.791759469228055,2.1972245773362196,1.3862943611198906,2.772588722239781
Saladin,2017-02-01,32,19,11.0,86,54,115,25,6,26,23,9,22,2,0,1,12,12,0,0,4,4.6,3.44,0,0,0,15,13,0.0,0.0,0.6931471805599453,2.6390573296152584,2.4849066497880004,1.791759469228055,2.1972245773362196,1.3862943611198906
Saladin,2017-03-01,31,18,12.0,134,109,243,28,7,24,24,7,23,1,1,1,19,6,0,0,4,8.678571428571429,4.785714285714286,1,0,0,15,14,0.6931471805599453,0.0,0.0,0.6931471805599453,2.6390573296152584,2.4849066497880004,1.791759469228055,2.1972245773362196
Saladin,2017-04-01,20,12,8.0,62,73,135,19,9,11,14,6,18,0,0,1,11,3,2,0,0,7.105263157894737,3.263157894736842,0,0,0,15,15,0.0,0.0,0.6931471805599453,0.0,0.6931471805599453,2.6390573296152584,2.4849066497880004,1.791759469228055
Saladin,2017-05-01,32,21,17.0,76,81,156,30,5,27,24,8,23,1,1,1,16,7,3,0,2,5.2,2.533333333333333,1,0,0,15,16,0.6931471805599453,0.0,0.0,0.6931471805599453,0.0,0.6931471805599453,2.6390573296152584,2.4849066497880004
Saladin,2017-06-01,37,27,23.0,95,47,142,34,5,32,30,7,24,4,0,2,15,13,0,0,1,4.176470588235294,2.7941176470588234,23,0,0,15,17,3.1780538303479458,0.0,0.6931471805599453,0.0,0.6931471805599453,0.0,0.6931471805599453,2.6390573296152584
Saladin,2017-07-01,22,14,12.0,79,32,111,21,0,22,19,3,12,2,0,1,7,7,2,0,4,5.285714285714286,3.761904761904762,7,0,0,15,18,2.0794415416798357,0.0,3.1780538303479458,0.6931471805599453,0.0,0.6931471805599453,0.0,0.6931471805599453
Saladin,2017-08-01,16,11,9.0,44,39,83,16,4,12,14,2,11,1,0,0,3,8,2,0,3,5.1875,2.75,12,0,0,15,19,2.5649493574615367,0.0,2.0794415416798357,3.1780538303479458,0.6931471805599453,0.0,0.6931471805599453,0.0
Saladin,2017-09-01,27,15,8.0,79,98,177,26,9,18,16,11,20,1,1,0,8,5,2,0,5,6.8076923076923075,3.0384615384615383,6,0,0,15,20,1.9459101490553132,0.0,2.5649493574615367,2.0794415416798357,3.1780538303479458,0.6931471805599453,0.0,0.6931471805599453
Saladin,2017-10-01,23,10,3.0,29,35,64,23,7,16,15,8,19,1,0,0,7,8,0,0,4,2.782608695652174,1.2608695652173914,7,0,0,15,21,2.0794415416798357,0.0,1.9459101490553132,2.5649493574615367,2.0794415416798357,3.1780538303479458,0.6931471805599453,0.0
Saladin,2017-11-01,15,5,3.0,46,115,161,15,2,13,9,6,13,1,0,0,5,4,0,0,2,10.733333333333333,3.066666666666667,4,1,0,15,22,1.6094379124341003,0.0,2.0794415416798357,1.9459101490553132,2.5649493574615367,2.0794415416798357,3.1780538303479458,0.6931471805599453
Saladin,2017-12-01,24,8,7.0,78,83,115,20,2,22,19,5,15,4,1,2,12,5,1,1,1,5.75,3.9,2,0,0,15,23,1.0986122886681098,0.0,1.6094379124341003,2.0794415416798357,1.9459101490553132,2.5649493574615367,2.0794415416798357,3.1780538303479458
Saladin,2018-01-01,26,4,3.0,19,49,68,26,2,24,22,4,23,1,0,1,10,4,2,1,2,2.6153846153846154,0.7307692307692307,1,0,0,15,24,0.6931471805599453,0.0,1.0986122886681098,1.6094379124341003,2.0794415416798357,1.9459101490553132,2.5649493574615367,2.0794415416798357
Saladin,2018-02-01,22,7,7.0,21,43,64,21,1,21,19,3,13,4,2,2,12,5,1,1,1,3.0476190476190474,1.0,2,0,0,15,25,1.0986122886681098,0.0,0.6931471805599453,1.0986122886681098,1.6094379124341003,2.0794415416798357,1.9459101490553132,2.5649493574615367
Saladin,2018-03-01,26,20,13.0,43,45,79,20,2,24,18,8,12,7,0,1,11,6,3,0,1,3.95,2.15,0,0,0,15,26,0.0,0.0,1.0986122886681098,0.6931471805599453,1.0986122886681098,1.6094379124341003,2.0794415416798357,1.9459101490553132
Saladin,2018-04-01,13,4,3.0,9,16,25,12,2,11,10,3,12,0,0,0,4,5,1,0,1,2.0833333333333335,0.75,3,0,0,15,27,1.3862943611198906,0.0,0.0,1.0986122886681098,0.6931471805599453,1.0986122886681098,1.6094379124341003,2.0794415416798357
Saladin,2018-05-01,20,11,6.0,51,64,112,16,1,19,14,6,10,2,3,0,8,6,2,0,2,7.0,3.1875,0,0,0,15,28,0.0,0.0,1.3862943611198906,0.0,1.0986122886681098,0.6931471805599453,1.0986122886681098,1.6094379124341003
Saladin,2018-06-01,21,15,14.0,35,25,53,16,1,20,19,2,12,2,0,5,10,8,1,0,1,3.3125,2.1875,0,0,0,15,29,0.0,0.0,0.0,1.3862943611198906,0.0,1.0986122886681098,0.6931471805599453,1.0986122886681098
Saladin,2018-07-01,26,14,10.0,31,48,75,25,3,23,22,4,15,4,2,1,5,10,6,2,0,3.0,1.24,1,0,0,15,30,0.6931471805599453,0.0,0.0,0.0,1.3862943611198906,0.0,1.0986122886681098,0.6931471805599453
Saladin,2018-08-01,20,12,10.0,51,21,64,16,3,17,17,3,12,1,1,2,9,7,1,0,0,4.0,3.1875,3,0,0,15,31,1.3862943611198906,0.0,0.6931471805599453,0.0,0.0,1.3862943611198906,0.0,1.0986122886681098
Saladin,2018-09-01,12,6,6.0,20,49,69,12,2,10,11,1,8,1,2,0,5,2,1,1,2,5.75,1.6666666666666667,2,7,0,15,32,1.0986122886681098,0.0,1.3862943611198906,0.6931471805599453,0.0,0.0,1.3862943611198906,0.0
Saladin,2018-10-01,13,9,8.0,13,21,31,11,1,12,10,3,11,1,0,0,4,2,2,0,1,2.8181818181818183,1.1818181818181819,2,3,0,15,33,1.0986122886681098,0.0,1.0986122886681098,1.3862943611198906,0.6931471805599453,0.0,0.0,1.3862943611198906
Saladin,2018-11-01,10,4,3.0,10,21,31,7,0,10,9,1,7,0,1,2,3,1,1,1,2,4.428571428571429,1.4285714285714286,0,0,0,15,34,0.0,0.0,1.0986122886681098,1.0986122886681098,1.3862943611198906,0.6931471805599453,0.0,0.0
Saladin,2018-12-01,4,2,2.0,3,2,5,4,1,3,3,1,3,1,0,0,3,0,0,0,0,1.25,0.75,0,0,0,15,35,0.0,0.0,0.0,1.0986122886681098,1.0986122886681098,1.3862943611198906,0.6931471805599453,0.0
Saladin,2019-01-01,7,7,7.0,16,21,37,6,1,6,7,0,4,1,0,1,2,0,3,0,1,6.166666666666667,2.6666666666666665,0,0,0,15,36,0.0,0.0,0.0,0.0,1.0986122886681098,1.0986122886681098,1.3862943611198906,0.6931471805599453
Saladin,2019-02-01,14,9,7.0,22,27,44,10,1,13,12,2,7,5,1,1,8,1,1,0,2,4.4,2.2,2,0,0,15,37,1.0986122886681098,0.0,0.0,0.0,0.0,1.0986122886681098,1.0986122886681098,1.3862943611198906
Saladin,2019-03-01,6,4,4.0,6,12,18,6,0,6,5,1,3,3,0,0,2,3,0,0,0,3.0,1.0,0,0,0,15,38,0.0,0.0,1.0986122886681098,0.0,0.0,0.0,1.0986122886681098,1.0986122886681098
Saladin,2019-04-01,6,3,2.0,9,5,14,6,0,6,5,1,3,1,1,0,0,2,2,1,1,2.3333333333333335,1.5,1,0,0,15,39,0.6931471805599453,0.0,0.0,1.0986122886681098,0.0,0.0,0.0,1.0986122886681098
Saladin,2019-05-01,12,11,11.0,21,23,44,12,0,12,12,0,4,4,0,0,4,3,2,0,3,3.6666666666666665,1.75,0,0,0,15,40,0.0,0.0,0.6931471805599453,0.0,1.0986122886681098,0.0,0.0,0.0
Saladin,2019-06-01,7,5,5.0,17,9,26,7,0,7,7,0,4,2,0,0,2,4,1,0,0,3.7142857142857144,2.4285714285714284,0,0,0,15,41,0.0,0.0,0.0,0.6931471805599453,0.0,1.0986122886681098,0.0,0.0
Saladin,2019-07-01,14,10,8.0,21,26,47,14,0,14,12,2,10,2,0,0,6,3,3,0,2,3.357142857142857,1.5,1,7,0,15,42,0.6931471805599453,0.0,0.0,0.0,0.6931471805599453,0.0,1.0986122886681098,0.0
Saladin,2019-08-01,4,4,3.0,8,0,8,4,0,4,3,1,0,0,1,1,1,2,1,0,0,2.0,2.0,0,0,0,15,43,0.0,0.0,0.6931471805599453,0.0,0.0,0.6931471805599453,0.0,1.0986122886681098
Saladin,2019-09-01,7,1,1.0,9,2,11,7,0,7,6,1,3,2,0,0,2,4,0,0,0,1.5714285714285714,1.2857142857142858,2,3,0,15,44,1.0986122886681098,0.0,0.0,0.6931471805599453,0.0,0.0,0.6931471805599453,0.0
Saladin,2019-10-01,7,5,5.0,14,13,27,6,0,7,7,0,4,1,0,0,1,3,3,0,0,4.5,2.3333333333333335,1,10,0,15,45,0.6931471805599453,0.0,1.0986122886681098,0.0,0.6931471805599453,0.0,0.0,0.6931471805599453
Saladin,2019-11-01,2,1,1.0,3,5,8,2,0,2,2,0,1,0,0,0,1,1,0,0,0,4.0,1.5,0,0,0,15,46,0.0,0.0,0.6931471805599453,1.0986122886681098,0.0,0.6931471805599453,0.0,0.0
Saladin,2019-12-01,13,9,8.0,30,20,50,13,3,10,12,1,7,2,0,1,4,5,2,0,0,3.8461538461538463,2.3076923076923075,0,0,0,15,47,0.0,0.0,0.0,0.6931471805599453,1.0986122886681098,0.0,0.6931471805599453,0.0
Saladin,2020-01-01,7,3,3.0,3,13,16,7,0,7,7,0,5,1,0,0,2,5,0,0,0,2.2857142857142856,0.42857142857142855,0,0,0,15,48,0.0,0.0,0.0,0.0,0.6931471805599453,1.0986122886681098,0.0,0.6931471805599453
Saladin,2020-02-01,7,7,7.0,10,5,15,7,0,7,7,0,1,4,0,1,2,3,0,0,2,2.142857142857143,1.4285714285714286,0,0,0,15,49,0.0,0.0,0.0,0.0,0.0,0.6931471805599453,1.0986122886681098,0.0
Saladin,2020-03-01,11,6,6.0,8,37,45,11,0,11,11,0,7,2,0,0,3,6,1,0,0,4.090909090909091,0.7272727272727273,0,0,0,15,50,0.0,0.0,0.0,0.0,0.0,0.0,0.6931471805599453,1.0986122886681098
Saladin,2020-04-01,5,4,3.0,12,6,17,3,0,5,4,1,2,2,0,0,1,1,3,0,0,5.666666666666667,4.0,2,0,0,15,51,1.0986122886681098,0.0,0.0,0.0,0.0,0.0,0.0,0.6931471805599453
Saladin,2020-05-01,25,23,21.0,43,34,74,24,0,25,23,2,8,9,1,0,1,13,5,1,0,3.0833333333333335,1.7916666666666667,3,0,0,15,52,1.3862943611198906,0.0,1.0986122886681098,0.0,0.0,0.0,0.0,0.0
Saladin,2020-06-01,10,4,3.0,12,15,27,10,1,9,8,2,6,0,1,0,2,6,0,1,1,2.7,1.2,4,22,0,15,53,1.6094379124341003,0.0,1.3862943611198906,1.0986122886681098,0.0,0.0,0.0,0.0
Saladin,2020-07-01,10,2,2.0,16,7,21,9,0,10,9,1,7,1,2,0,1,7,1,1,0,2.3333333333333335,1.7777777777777777,1,0,0,15,54,0.6931471805599453,0.0,1.6094379124341003,1.3862943611198906,1.0986122886681098,0.0,0.0,0.0
Saladin,2020-08-01,11,5,5.0,12,21,33,10,0,11,11,0,9,2,0,0,2,9,0,0,0,3.3,1.2,1,0,0,15,55,0.6931471805599453,0.0,0.6931471805599453,1.6094379124341003,1.3862943611198906,1.0986122886681098,0.0,0.0
Saladin,2020-09-01,10,3,2.0,8,6,14,10,0,10,8,2,7,0,2,0,0,9,0,1,0,1.4,0.8,1,0,0,15,56,0.6931471805599453,0.0,0.6931471805599453,0.6931471805599453,1.6094379124341003,1.3862943611198906,1.0986122886681098,0.0
Saladin,2020-10-01,7,4,4.0,13,11,24,7,0,7,7,0,2,1,0,1,1,6,0,0,0,3.4285714285714284,1.8571428571428572,0,0,0,15,57,0.0,0.0,0.6931471805599453,0.6931471805599453,0.6931471805599453,1.6094379124341003,1.3862943611198906,1.0986122886681098
Saladin,2020-11-01,14,11,8.0,13,33,46,14,0,14,10,4,4,2,2,1,2,8,3,0,1,3.2857142857142856,0.9285714285714286,1,3,0,15,58,0.6931471805599453,0.0,0.0,0.6931471805599453,0.6931471805599453,0.6931471805599453,1.6094379124341003,1.3862943611198906
Saladin,2020-12-01,6,1,0.0,3,5,8,6,0,6,5,1,1,2,2,0,2,4,0,0,0,1.3333333333333333,0.5,3,8,0,15,59,1.3862943611198906,0.0,0.6931471805599453,0.0,0.6931471805599453,0.6931471805599453,0.6931471805599453,1.6094379124341003
Sulaymaniyah,2016-01-01,0,0,,0,0,0,0,0,0,0,0,0,0,0,0,0,0,0,0,0,,,0,0,0,16,0,0.0,0.0,,,,,,
Sulaymaniyah,2016-02-01,0,0,,0,0,0,0,0,0,0,0,0,0,0,0,0,0,0,0,0,,,0,0,0,16,1,0.0,0.0,0.0,,,,,
Sulaymaniyah,2016-03-01,0,0,,0,0,0,0,0,0,0,0,0,0,0,0,0,0,0,0,0,,,0,0,0,16,2,0.0,0.0,0.0,0.0,,,,
Sulaymaniyah,2016-04-01,0,0,,0,0,0,0,0,0,0,0,0,0,0,0,0,0,0,0,0,,,1,3,0,16,3,0.6931471805599453,0.0,0.0,0.0,0.0,,,
Sulaymaniyah,2016-05-01,0,0,,0,0,0,0,0,0,0,0,0,0,0,0,0,0,0,0,0,,,0,0,1,16,4,0.0,0.6931471805599453,0.6931471805599453,0.0,0.0,0.0,,
Sulaymaniyah,2016-06-01,1,1,0.0,7,0,7,1,0,1,0,1,0,0,0,0,1,0,0,0,0,7.0,7.0,0,0,0,16,5,0.0,0.0,0.0,0.6931471805599453,0.0,0.0,0.0,
Sulaymaniyah,2016-07-01,0,0,,0,0,0,0,0,0,0,0,0,0,0,0,0,0,0,0,0,,,0,0,0,16,6,0.0,0.0,0.0,0.0,0.6931471805599453,0.0,0.0,0.0
Sulaymaniyah,2016-08-01,0,0,,0,0,0,0,0,0,0,0,0,0,0,0,0,0,0,0,0,,,0,0,0,16,7,0.0,0.0,0.0,0.0,0.0,0.6931471805599453,0.0,0.0
Sulaymaniyah,2016-09-01,0,0,,0,0,0,0,0,0,0,0,0,0,0,0,0,0,0,0,0,,,0,0,0,16,8,0.0,0.0,0.0,0.0,0.0,0.0,0.6931471805599453,0.0
Sulaymaniyah,2016-10-01,0,0,,0,0,0,0,0,0,0,0,0,0,0,0,0,0,0,0,0,,,0,0,0,16,9,0.0,0.0,0.0,0.0,0.0,0.0,0.0,0.6931471805599453
Sulaymaniyah,2016-11-01,0,0,,0,0,0,0,0,0,0,0,0,0,0,0,0,0,0,0,0,,,0,0,1,16,10,0.0,0.6931471805599453,0.0,0.0,0.0,0.0,0.0,0.0
Sulaymaniyah,2016-12-01,1,0,0.0,2,0,2,1,1,0,1,0,1,0,0,0,0,0,0,0,0,2.0,2.0,0,0,0,16,11,0.0,0.0,0.0,0.0,0.0,0.0,0.0,0.0
Sulaymaniyah,2017-01-01,0,0,,0,0,0,0,0,0,0,0,0,0,0,0,0,0,0,0,0,,,0,0,0,16,12,0.0,0.0,0.0,0.0,0.0,0.0,0.0,0.0
Sulaymaniyah,2017-02-01,0,0,,0,0,0,0,0,0,0,0,0,0,0,0,0,0,0,0,0,,,0,0,0,16,13,0.0,0.0,0.0,0.0,0.0,0.0,0.0,0.0
Sulaymaniyah,2017-03-01,0,0,,0,0,0,0,0,0,0,0,0,0,0,0,0,0,0,0,0,,,0,0,0,16,14,0.0,0.0,0.0,0.0,0.0,0.0,0.0,0.0
Sulaymaniyah,2017-04-01,0,0,,0,0,0,0,0,0,0,0,0,0,0,0,0,0,0,0,0,,,0,0,0,16,15,0.0,0.0,0.0,0.0,0.0,0.0,0.0,0.0
Sulaymaniyah,2017-05-01,0,0,,0,0,0,0,0,0,0,0,0,0,0,0,0,0,0,0,0,,,0,0,0,16,16,0.0,0.0,0.0,0.0,0.0,0.0,0.0,0.0
Sulaymaniyah,2017-06-01,1,0,0.0,0,3,3,1,0,1,1,0,1,0,0,0,0,0,0,0,0,3.0,0.0,0,0,0,16,17,0.0,0.0,0.0,0.0,0.0,0.0,0.0,0.0
Sulaymaniyah,2017-07-01,1,0,0.0,1,0,1,1,0,1,1,0,0,1,0,0,0,0,0,0,0,1.0,1.0,0,0,0,16,18,0.0,0.0,0.0,0.0,0.0,0.0,0.0,0.0
Sulaymaniyah,2017-08-01,4,1,1.0,2,6,7,2,0,4,4,0,1,0,0,1,1,1,0,2,0,3.5,1.0,0,0,0,16,19,0.0,0.0,0.0,0.0,0.0,0.0,0.0,0.0
Sulaymaniyah,2017-09-01,1,0,0.0,0,0,0,1,0,1,1,0,0,1,0,0,1,0,0,0,0,0.0,0.0,0,0,0,16,20,0.0,0.0,0.0,0.0,0.0,0.0,0.0,0.0
Sulaymaniyah,2017-10-01,1,0,0.0,0,0,0,1,0,1,0,1,0,1,0,0,1,0,0,0,0,0.0,0.0,0,0,0,16,21,0.0,0.0,0.0,0.0,0.0,0.0,0.0,0.0
Sulaymaniyah,2017-11-01,0,0,,0,0,0,0,0,0,0,0,0,0,0,0,0,0,0,0,0,,,0,0,2,16,22,0.0,1.0986122886681098,0.0,0.0,0.0,0.0,0.0,0.0
Sulaymaniyah,2017-12-01,0,0,,0,0,0,0,0,0,0,0,0,0,0,0,0,0,0,0,0,,,0,0,1,16,23,0.0,0.6931471805599453,0.0,0.0,0.0,0.0,0.0,0.0
Sulaymaniyah,2018-01-01,2,0,0.0,2,1,3,2,0,2,2,0,1,1,0,0,2,0,0,0,0,1.5,1.0,0,0,1,16,24,0.0,0.6931471805599453,0.0,0.0,0.0,0.0,0.0,0.0
Sulaymaniyah,2018-02-01,0,0,,0,0,0,0,0,0,0,0,0,0,0,0,0,0,0,0,0,,,0,0,0,16,25,0.0,0.0,0.0,0.0,0.0,0.0,0.0,0.0
Sulaymaniyah,2018-03-01,0,0,,0,0,0,0,0,0,0,0,0,0,0,0,0,0,0,0,0,,,0,0,0,16,26,0.0,0.0,0.0,0.0,0.0,0.0,0.0,0.0
Sulaymaniyah,2018-04-01,0,0,,0,0,0,0,0,0,0,0,0,0,0,0,0,0,0,0,0,,,0,0,0,16,27,0.0,0.0,0.0,0.0,0.0,0.0,0.0,0.0
Sulaymaniyah,2018-05-01,1,0,0.0,0,0,0,1,0,1,1,0,0,1,0,0,0,0,0,0,0,0.0,0.0,0,0,0,16,28,0.0,0.0,0.0,0.0,0.0,0.0,0.0,0.0
Sulaymaniyah,2018-06-01,0,0,,0,0,0,0,0,0,0,0,0,0,0,0,0,0,0,0,0,,,0,0,0,16,29,0.0,0.0,0.0,0.0,0.0,0.0,0.0,0.0
Sulaymaniyah,2018-07-01,2,0,0.0,1,0,1,2,0,2,2,0,0,2,0,0,2,0,0,0,0,0.5,0.5,2,0,0,16,30,1.0986122886681098,0.0,0.0,0.0,0.0,0.0,0.0,0.0
Sulaymaniyah,2018-08-01,1,0,0.0,0,0,0,1,0,1,0,1,0,1,0,0,0,0,0,1,0,0.0,0.0,2,0,1,16,31,1.0986122886681098,0.6931471805599453,1.0986122886681098,0.0,0.0,0.0,0.0,0.0
Sulaymaniyah,2018-09-01,1,0,0.0,0,0,0,1,0,1,1,0,0,0,0,0,0,0,0,1,0,0.0,0.0,0,0,1,16,32,0.0,0.6931471805599453,1.0986122886681098,1.0986122886681098,0.0,0.0,0.0,0.0
Sulaymaniyah,2018-10-01,1,0,0.0,0,2,2,1,0,1,1,0,1,0,0,0,1,0,0,0,0,2.0,0.0,0,0,0,16,33,0.0,0.0,0.0,1.0986122886681098,1.0986122886681098,0.0,0.0,0.0
Sulaymaniyah,2018-11-01,0,0,,0,0,0,0,0,0,0,0,0,0,0,0,0,0,0,0,0,,,0,0,0,16,34,0.0,0.0,0.0,0.0,1.0986122886681098,1.0986122886681098,0.0,0.0
Sulaymaniyah,2018-12-01,0,0,,0,0,0,0,0,0,0,0,0,0,0,0,0,0,0,0,0,,,0,0,0,16,35,0.0,0.0,0.0,0.0,0.0,1.0986122886681098,1.0986122886681098,0.0
Sulaymaniyah,2019-01-01,0,0,,0,0,0,0,0,0,0,0,0,0,0,0,0,0,0,0,0,,,0,0,0,16,36,0.0,0.0,0.0,0.0,0.0,0.0,1.0986122886681098,1.0986122886681098
Sulaymaniyah,2019-02-01,0,0,,0,0,0,0,0,0,0,0,0,0,0,0,0,0,0,0,0,,,0,0,0,16,37,0.0,0.0,0.0,0.0,0.0,0.0,0.0,1.0986122886681098
Sulaymaniyah,2019-03-01,0,0,,0,0,0,0,0,0,0,0,0,0,0,0,0,0,0,0,0,,,0,0,0,16,38,0.0,0.0,0.0,0.0,0.0,0.0,0.0,0.0
Sulaymaniyah,2019-04-01,0,0,,0,0,0,0,0,0,0,0,0,0,0,0,0,0,0,0,0,,,0,0,0,16,39,0.0,0.0,0.0,0.0,0.0,0.0,0.0,0.0
Sulaymaniyah,2019-05-01,1,0,0.0,1,0,1,1,0,1,1,0,1,0,0,0,0,1,0,0,0,1.0,1.0,0,0,1,16,40,0.0,0.6931471805599453,0.0,0.0,0.0,0.0,0.0,0.0
Sulaymaniyah,2019-06-01,0,0,,0,0,0,0,0,0,0,0,0,0,0,0,0,0,0,0,0,,,0,0,2,16,41,0.0,1.0986122886681098,0.0,0.0,0.0,0.0,0.0,0.0
Sulaymaniyah,2019-07-01,0,0,,0,0,0,0,0,0,0,0,0,0,0,0,0,0,0,0,0,,,0,0,1,16,42,0.0,0.6931471805599453,0.0,0.0,0.0,0.0,0.0,0.0
Sulaymaniyah,2019-08-01,1,1,1.0,2,14,16,1,0,1,1,0,1,0,0,0,0,0,1,0,0,16.0,2.0,0,0,4,16,43,0.0,1.6094379124341003,0.0,0.0,0.0,0.0,0.0,0.0
Sulaymaniyah,2019-09-01,0,0,,0,0,0,0,0,0,0,0,0,0,0,0,0,0,0,0,0,,,0,0,1,16,44,0.0,0.6931471805599453,0.0,0.0,0.0,0.0,0.0,0.0
Sulaymaniyah,2019-10-01,2,0,0.0,4,5,9,2,0,2,2,0,1,0,1,0,1,0,0,0,0,4.5,2.0,0,0,2,16,45,0.0,1.0986122886681098,0.0,0.0,0.0,0.0,0.0,0.0
Sulaymaniyah,2019-11-01,0,0,,0,0,0,0,0,0,0,0,0,0,0,0,0,0,0,0,0,,,0,0,1,16,46,0.0,0.6931471805599453,0.0,0.0,0.0,0.0,0.0,0.0
Sulaymaniyah,2019-12-01,0,0,,0,0,0,0,0,0,0,0,0,0,0,0,0,0,0,0,0,,,0,0,0,16,47,0.0,0.0,0.0,0.0,0.0,0.0,0.0,0.0
Sulaymaniyah,2020-01-01,0,0,,0,0,0,0,0,0,0,0,0,0,0,0,0,0,0,0,0,,,0,0,0,16,48,0.0,0.0,0.0,0.0,0.0,0.0,0.0,0.0
Sulaymaniyah,2020-02-01,1,1,1.0,0,0,0,1,0,1,1,0,0,0,0,1,1,0,0,0,0,0.0,0.0,0,0,0,16,49,0.0,0.0,0.0,0.0,0.0,0.0,0.0,0.0
Sulaymaniyah,2020-03-01,1,0,0.0,0,1,1,1,0,1,1,0,0,0,0,1,0,0,0,0,0,1.0,0.0,0,0,0,16,50,0.0,0.0,0.0,0.0,0.0,0.0,0.0,0.0
Sulaymaniyah,2020-04-01,0,0,,0,0,0,0,0,0,0,0,0,0,0,0,0,0,0,0,0,,,0,0,2,16,51,0.0,1.0986122886681098,0.0,0.0,0.0,0.0,0.0,0.0
Sulaymaniyah,2020-05-01,0,0,,0,0,0,0,0,0,0,0,0,0,0,0,0,0,0,0,0,,,0,0,1,16,52,0.0,0.6931471805599453,0.0,0.0,0.0,0.0,0.0,0.0
Sulaymaniyah,2020-06-01,1,0,0.0,0,0,0,1,0,1,0,1,0,1,0,0,1,0,0,0,0,0.0,0.0,0,0,4,16,53,0.0,1.6094379124341003,0.0,0.0,0.0,0.0,0.0,0.0
Sulaymaniyah,2020-07-01,0,0,,0,0,0,0,0,0,0,0,0,0,0,0,0,0,0,0,0,,,0,0,1,16,54,0.0,0.6931471805599453,0.0,0.0,0.0,0.0,0.0,0.0
Sulaymaniyah,2020-08-01,0,0,,0,0,0,0,0,0,0,0,0,0,0,0,0,0,0,0,0,,,0,0,9,16,55,0.0,2.302585092994046,0.0,0.0,0.0,0.0,0.0,0.0
Sulaymaniyah,2020-09-01,0,0,,0,0,0,0,0,0,0,0,0,0,0,0,0,0,0,0,0,,,0,0,1,16,56,0.0,0.6931471805599453,0.0,0.0,0.0,0.0,0.0,0.0
Sulaymaniyah,2020-10-01,1,0,0.0,0,0,0,0,0,1,1,0,0,0,0,1,1,0,0,0,0,,,0,0,2,16,57,0.0,1.0986122886681098,0.0,0.0,0.0,0.0,0.0,0.0
Sulaymaniyah,2020-11-01,0,0,,0,0,0,0,0,0,0,0,0,0,0,0,0,0,0,0,0,,,0,0,3,16,58,0.0,1.3862943611198906,0.0,0.0,0.0,0.0,0.0,0.0
Sulaymaniyah,2020-12-01,0,0,,0,0,0,0,0,0,0,0,0,0,0,0,0,0,0,0,0,,,0,0,1,16,59,0.0,0.6931471805599453,0.0,0.0,0.0,0.0,0.0,0.0
Wasit,2016-01-01,0,0,,0,0,0,0,0,0,0,0,0,0,0,0,0,0,0,0,0,,,0,0,0,17,0,0.0,0.0,,,,,,
Wasit,2016-02-01,1,0,0.0,2,0,2,1,0,1,1,0,0,1,0,0,0,0,0,0,1,2.0,2.0,0,0,0,17,1,0.0,0.0,0.0,,,,,
Wasit,2016-03-01,0,0,,0,0,0,0,0,0,0,0,0,0,0,0,0,0,0,0,0,,,0,0,0,17,2,0.0,0.0,0.0,0.0,,,,
Wasit,2016-04-01,0,0,,0,0,0,0,0,0,0,0,0,0,0,0,0,0,0,0,0,,,0,0,0,17,3,0.0,0.0,0.0,0.0,0.0,,,
Wasit,2016-05-01,1,0,0.0,0,0,0,1,0,1,1,0,1,0,0,0,0,0,1,0,0,0.0,0.0,0,0,0,17,4,0.0,0.0,0.0,0.0,0.0,0.0,,
Wasit,2016-06-01,0,0,,0,0,0,0,0,0,0,0,0,0,0,0,0,0,0,0,0,,,0,0,0,17,5,0.0,0.0,0.0,0.0,0.0,0.0,0.0,
Wasit,2016-07-01,2,0,0.0,0,0,0,2,0,2,2,0,2,0,0,0,0,0,0,1,1,0.0,0.0,0,0,0,17,6,0.0,0.0,0.0,0.0,0.0,0.0,0.0,0.0
Wasit,2016-08-01,0,0,,0,0,0,0,0,0,0,0,0,0,0,0,0,0,0,0,0,,,0,0,0,17,7,0.0,0.0,0.0,0.0,0.0,0.0,0.0,0.0
Wasit,2016-09-01,0,0,,0,0,0,0,0,0,0,0,0,0,0,0,0,0,0,0,0,,,0,0,0,17,8,0.0,0.0,0.0,0.0,0.0,0.0,0.0,0.0
Wasit,2016-10-01,0,0,,0,0,0,0,0,0,0,0,0,0,0,0,0,0,0,0,0,,,0,0,0,17,9,0.0,0.0,0.0,0.0,0.0,0.0,0.0,0.0
Wasit,2016-11-01,0,0,,0,0,0,0,0,0,0,0,0,0,0,0,0,0,0,0,0,,,0,0,0,17,10,0.0,0.0,0.0,0.0,0.0,0.0,0.0,0.0
Wasit,2016-12-01,0,0,,0,0,0,0,0,0,0,0,0,0,0,0,0,0,0,0,0,,,0,0,0,17,11,0.0,0.0,0.0,0.0,0.0,0.0,0.0,0.0
Wasit,2017-01-01,0,0,,0,0,0,0,0,0,0,0,0,0,0,0,0,0,0,0,0,,,0,0,0,17,12,0.0,0.0,0.0,0.0,0.0,0.0,0.0,0.0
Wasit,2017-02-01,0,0,,0,0,0,0,0,0,0,0,0,0,0,0,0,0,0,0,0,,,0,0,0,17,13,0.0,0.0,0.0,0.0,0.0,0.0,0.0,0.0
Wasit,2017-03-01,0,0,,0,0,0,0,0,0,0,0,0,0,0,0,0,0,0,0,0,,,0,0,0,17,14,0.0,0.0,0.0,0.0,0.0,0.0,0.0,0.0
Wasit,2017-04-01,0,0,,0,0,0,0,0,0,0,0,0,0,0,0,0,0,0,0,0,,,0,0,0,17,15,0.0,0.0,0.0,0.0,0.0,0.0,0.0,0.0
Wasit,2017-05-01,0,0,,0,0,0,0,0,0,0,0,0,0,0,0,0,0,0,0,0,,,0,0,0,17,16,0.0,0.0,0.0,0.0,0.0,0.0,0.0,0.0
Wasit,2017-06-01,0,0,,0,0,0,0,0,0,0,0,0,0,0,0,0,0,0,0,0,,,0,0,0,17,17,0.0,0.0,0.0,0.0,0.0,0.0,0.0,0.0
Wasit,2017-07-01,0,0,,0,0,0,0,0,0,0,0,0,0,0,0,0,0,0,0,0,,,0,0,0,17,18,0.0,0.0,0.0,0.0,0.0,0.0,0.0,0.0
Wasit,2017-08-01,0,0,,0,0,0,0,0,0,0,0,0,0,0,0,0,0,0,0,0,,,0,0,0,17,19,0.0,0.0,0.0,0.0,0.0,0.0,0.0,0.0
Wasit,2017-09-01,0,0,,0,0,0,0,0,0,0,0,0,0,0,0,0,0,0,0,0,,,0,0,0,17,20,0.0,0.0,0.0,0.0,0.0,0.0,0.0,0.0
Wasit,2017-10-01,1,0,0.0,0,0,0,1,0,1,1,0,1,0,0,0,0,0,0,0,0,0.0,0.0,0,0,0,17,21,0.0,0.0,0.0,0.0,0.0,0.0,0.0,0.0
Wasit,2017-11-01,0,0,,0,0,0,0,0,0,0,0,0,0,0,0,0,0,0,0,0,,,0,0,0,17,22,0.0,0.0,0.0,0.0,0.0,0.0,0.0,0.0
Wasit,2017-12-01,0,0,,0,0,0,0,0,0,0,0,0,0,0,0,0,0,0,0,0,,,0,0,0,17,23,0.0,0.0,0.0,0.0,0.0,0.0,0.0,0.0
Wasit,2018-01-01,0,0,,0,0,0,0,0,0,0,0,0,0,0,0,0,0,0,0,0,,,0,0,0,17,24,0.0,0.0,0.0,0.0,0.0,0.0,0.0,0.0
Wasit,2018-02-01,0,0,,0,0,0,0,0,0,0,0,0,0,0,0,0,0,0,0,0,,,0,0,0,17,25,0.0,0.0,0.0,0.0,0.0,0.0,0.0,0.0
Wasit,2018-03-01,0,0,,0,0,0,0,0,0,0,0,0,0,0,0,0,0,0,0,0,,,0,0,0,17,26,0.0,0.0,0.0,0.0,0.0,0.0,0.0,0.0
Wasit,2018-04-01,0,0,,0,0,0,0,0,0,0,0,0,0,0,0,0,0,0,0,0,,,0,0,0,17,27,0.0,0.0,0.0,0.0,0.0,0.0,0.0,0.0
Wasit,2018-05-01,0,0,,0,0,0,0,0,0,0,0,0,0,0,0,0,0,0,0,0,,,0,0,0,17,28,0.0,0.0,0.0,0.0,0.0,0.0,0.0,0.0
Wasit,2018-06-01,0,0,,0,0,0,0,0,0,0,0,0,0,0,0,0,0,0,0,0,,,0,0,0,17,29,0.0,0.0,0.0,0.0,0.0,0.0,0.0,0.0
Wasit,2018-07-01,0,0,,0,0,0,0,0,0,0,0,0,0,0,0,0,0,0,0,0,,,0,0,0,17,30,0.0,0.0,0.0,0.0,0.0,0.0,0.0,0.0
Wasit,2018-08-01,0,0,,0,0,0,0,0,0,0,0,0,0,0,0,0,0,0,0,0,,,0,0,0,17,31,0.0,0.0,0.0,0.0,0.0,0.0,0.0,0.0
Wasit,2018-09-01,0,0,,0,0,0,0,0,0,0,0,0,0,0,0,0,0,0,0,0,,,0,0,0,17,32,0.0,0.0,0.0,0.0,0.0,0.0,0.0,0.0
Wasit,2018-10-01,0,0,,0,0,0,0,0,0,0,0,0,0,0,0,0,0,0,0,0,,,0,0,0,17,33,0.0,0.0,0.0,0.0,0.0,0.0,0.0,0.0
Wasit,2018-11-01,0,0,,0,0,0,0,0,0,0,0,0,0,0,0,0,0,0,0,0,,,0,0,0,17,34,0.0,0.0,0.0,0.0,0.0,0.0,0.0,0.0
Wasit,2018-12-01,0,0,,0,0,0,0,0,0,0,0,0,0,0,0,0,0,0,0,0,,,0,0,0,17,35,0.0,0.0,0.0,0.0,0.0,0.0,0.0,0.0
Wasit,2019-01-01,1,0,0.0,0,0,0,1,0,1,1,0,1,0,0,0,0,0,0,1,0,0.0,0.0,0,0,0,17,36,0.0,0.0,0.0,0.0,0.0,0.0,0.0,0.0
Wasit,2019-02-01,0,0,,0,0,0,0,0,0,0,0,0,0,0,0,0,0,0,0,0,,,0,0,0,17,37,0.0,0.0,0.0,0.0,0.0,0.0,0.0,0.0
Wasit,2019-03-01,0,0,,0,0,0,0,0,0,0,0,0,0,0,0,0,0,0,0,0,,,0,0,0,17,38,0.0,0.0,0.0,0.0,0.0,0.0,0.0,0.0
Wasit,2019-04-01,0,0,,0,0,0,0,0,0,0,0,0,0,0,0,0,0,0,0,0,,,0,0,0,17,39,0.0,0.0,0.0,0.0,0.0,0.0,0.0,0.0
Wasit,2019-05-01,0,0,,0,0,0,0,0,0,0,0,0,0,0,0,0,0,0,0,0,,,0,0,0,17,40,0.0,0.0,0.0,0.0,0.0,0.0,0.0,0.0
Wasit,2019-06-01,0,0,,0,0,0,0,0,0,0,0,0,0,0,0,0,0,0,0,0,,,0,0,0,17,41,0.0,0.0,0.0,0.0,0.0,0.0,0.0,0.0
Wasit,2019-07-01,0,0,,0,0,0,0,0,0,0,0,0,0,0,0,0,0,0,0,0,,,0,0,0,17,42,0.0,0.0,0.0,0.0,0.0,0.0,0.0,0.0
Wasit,2019-08-01,0,0,,0,0,0,0,0,0,0,0,0,0,0,0,0,0,0,0,0,,,0,0,0,17,43,0.0,0.0,0.0,0.0,0.0,0.0,0.0,0.0
Wasit,2019-09-01,0,0,,0,0,0,0,0,0,0,0,0,0,0,0,0,0,0,0,0,,,0,0,0,17,44,0.0,0.0,0.0,0.0,0.0,0.0,0.0,0.0
Wasit,2019-10-01,0,0,,0,0,0,0,0,0,0,0,0,0,0,0,0,0,0,0,0,,,0,0,0,17,45,0.0,0.0,0.0,0.0,0.0,0.0,0.0,0.0
Wasit,2019-11-01,0,0,,0,0,0,0,0,0,0,0,0,0,0,0,0,0,0,0,0,,,0,0,0,17,46,0.0,0.0,0.0,0.0,0.0,0.0,0.0,0.0
Wasit,2019-12-01,0,0,,0,0,0,0,0,0,0,0,0,0,0,0,0,0,0,0,0,,,0,0,0,17,47,0.0,0.0,0.0,0.0,0.0,0.0,0.0,0.0
Wasit,2020-01-01,0,0,,0,0,0,0,0,0,0,0,0,0,0,0,0,0,0,0,0,,,0,0,0,17,48,0.0,0.0,0.0,0.0,0.0,0.0,0.0,0.0
Wasit,2020-02-01,0,0,,0,0,0,0,0,0,0,0,0,0,0,0,0,0,0,0,0,,,0,0,0,17,49,0.0,0.0,0.0,0.0,0.0,0.0,0.0,0.0
Wasit,2020-03-01,0,0,,0,0,0,0,0,0,0,0,0,0,0,0,0,0,0,0,0,,,0,0,0,17,50,0.0,0.0,0.0,0.0,0.0,0.0,0.0,0.0
Wasit,2020-04-01,0,0,,0,0,0,0,0,0,0,0,0,0,0,0,0,0,0,0,0,,,0,0,0,17,51,0.0,0.0,0.0,0.0,0.0,0.0,0.0,0.0
Wasit,2020-05-01,0,0,,0,0,0,0,0,0,0,0,0,0,0,0,0,0,0,0,0,,,0,0,0,17,52,0.0,0.0,0.0,0.0,0.0,0.0,0.0,0.0
Wasit,2020-06-01,1,0,0.0,1,0,1,1,0,1,1,0,0,0,1,0,0,0,1,0,0,1.0,1.0,0,0,0,17,53,0.0,0.0,0.0,0.0,0.0,0.0,0.0,0.0
Wasit,2020-07-01,0,0,,0,0,0,0,0,0,0,0,0,0,0,0,0,0,0,0,0,,,0,0,0,17,54,0.0,0.0,0.0,0.0,0.0,0.0,0.0,0.0
Wasit,2020-08-01,0,0,,0,0,0,0,0,0,0,0,0,0,0,0,0,0,0,0,0,,,0,0,0,17,55,0.0,0.0,0.0,0.0,0.0,0.0,0.0,0.0
Wasit,2020-09-01,0,0,,0,0,0,0,0,0,0,0,0,0,0,0,0,0,0,0,0,,,0,0,0,17,56,0.0,0.0,0.0,0.0,0.0,0.0,0.0,0.0
Wasit,2020-10-01,0,0,,0,0,0,0,0,0,0,0,0,0,0,0,0,0,0,0,0,,,0,0,0,17,57,0.0,0.0,0.0,0.0,0.0,0.0,0.0,0.0
Wasit,2020-11-01,1,1,1.0,2,4,6,1,0,1,1,0,0,0,0,0,0,0,1,0,0,6.0,2.0,0,0,0,17,58,0.0,0.0,0.0,0.0,0.0,0.0,0.0,0.0
Wasit,2020-12-01,0,0,,0,0,0,0,0,0,0,0,0,0,0,0,0,0,0,0,0,,,0,0,0,17,59,0.0,0.0,0.0,0.0,0.0,0.0,0.0,0.0
